Workbook

Sheet Istruzioni
A1: REGISTRO DI EDUCAZIONE MOTORIA · MODELLO-5 · Manzoni · classe 5ª · a.s. 2026/27
A3: 1 · Calendario | B3: Una riga per giornata di prova. Scrivi il LUNEDÌ della settimana nella colonna del tuo plesso: la data della classe si calcola dal giorno di lezione. Scegli fino a 4 sotto-obiettivi. «Controllo» diventa rosso se un sotto-obiettivo si ripete nella giornata o a meno di 9 giorni.
A4: 2 · Alunni | B4: Nomi in ordine alfabetico accanto ai numeri. Il numero è il codice dell'alunno tutto l'anno. Nuovi alunni nel primo numero libero in fondo; chi lascia: Stato = Ritirato. OP = obiettivi personalizzati (Impostazioni).
A5: 3 · Registro | B5: Un blocco per giornata (indice cliccabile in alto). Per ogni sotto-obiettivo scrivi il livello (10–5) negli indicatori che usi: VOTO = media degli indicatori compilati arrotondata all'intero (da ,50 per eccesso); GIUDIZIO = da riportare su Argo. Tocca il nome di un indicatore per aprire la sua rubrica. Stato: AS assente · NV non valutabile · ES esonerato; al recupero scrivi i livelli e la data.
A6: 4 · Riepilogo | B6: Unico per i due quadrimestri. Per ogni Q: giudizio calcolato per obiettivo di scheda (media ponderata di tutti i voti collegati: peso 1 / 1,5 dopo la metà del Q; 80% prove + 20% rubrica di processo se compilata). «Giudizio definitivo» è tuo e prevale. Le colonne verdi «Da riportare» vanno nel documento di valutazione. Il pulsante «+» sopra le colonne mostra i dettagli (medie per sotto-obiettivo).
A7: 5 · Verifica voti | B7: Come su Argo: una riga per alunno, una colonna per giornata con i voti di quel giorno raggruppati (es. 1.1: 8 · 1.2: 7). Serve a confrontare il file con agenda e registro elettronico.
A8: 6 · Giochi | B8: Tempi e punteggi delle prove d'istituto calcolati come da schede tecniche (Super Gym: tempo + penalità; Triathlon; Spikeball). Due rilevazioni. Le statistiche di classe alimenteranno il database del gestionale.
A9: 7 · Rubriche | B9: Per ogni sotto-obiettivo 4 indicatori × 6 livelli (descrittori costruiti sui giudizi dell'Allegato A, OM 3/2025). Passa sul nome dell'indicatore per vedere i descrittori.
A10: 8 · Impostazioni | B10: Classe, giorno di lezione, pesi, soglie, obiettivi della scheda, sotto-obiettivi (con «concorre a» per Q1/Q2) e obiettivi personalizzati.
A11: Celle | B11: Gialle = da compilare. Tutto il resto si calcola.

Sheet Calendario
A1: CALENDARIO DELLE GIORNATE DI PROVA · stessa sequenza per Manzoni e Boncompagni
A2: ="Classe "&Impostazioni!$B$3&" · plesso "&Impostazioni!$B$5&" · lezione il "&Impostazioni!$B$6&" · la lezione successiva a ogni giornata è di recupero" -> Classe MODELLO-5 · plesso Manzoni · lezione il Lunedì · la lezione successiva a ogni giornata è di recupero
A3: Regola: lo stesso sotto-obiettivo non si valuta due volte nella stessa giornata né in giornate a meno di 9 giorni (gli assenti devono poter recuperare).
C5: Settimana (lunedì)
A6: Q | B6: Giornata | C6: Manzoni | D6: Boncompagni | E6: Data classe | F6: Metà | G6: Descrizione della prova | H6: Sott-ob. 1 | I6: Sott-ob. 2 | J6: Sott-ob. 3 | K6: Sott-ob. 4 | L6: Controllo regole
A7: Q1 | B7: Q1-G01 | C7: 46293 | D7: 46293 | E7: =IF(IF(Impostazioni!$B$5="Boncompagni",D7,C7)="","",IF(Impostazioni!$B$5="Boncompagni",D7,C7)+Impostazioni!$B$7) -> 46293 | F7: =IF(E7="",1,IF(E7>=Impostazioni!$B$8,2,1)) -> 1 | G7: Test d'ingresso – schemi motori di base | H7: 1.1 | L7: =IF(COUNTA($H7:$K7)=0,"",IF(SUMPRODUCT(($H7:$K7<>"")*(COUNTIF($H7:$K7,$H7:$K7)>1))>0,"⚠ stesso sotto-obiettivo 2 volte nella giornata","OK")) -> OK
A8: Q1 | B8: Q1-G02 | C8: 46321 | E8: =IF(IF(Impostazioni!$B$5="Boncompagni",D8,C8)="","",IF(Impostazioni!$B$5="Boncompagni",D8,C8)+Impostazioni!$B$7) -> 46321 | F8: =IF(E8="",1,IF(E8>=Impostazioni!$B$8,2,1)) -> 1 | G8: Progetto basket – osservazione (lezioni con l'esperto) | H8: 3.1 | I8: 3.3 | L8: =IF(COUNTA($H8:$K8)=0,"",IF(SUMPRODUCT(($H8:$K8<>"")*(COUNTIF($H8:$K8,$H8:$K8)>1))>0,"⚠ stesso sotto-obiettivo 2 volte nella giornata",IF(AND(IFERROR(AND(ISNUMBER(E7),ISNUMBER(E8),E8-E7<=8),FALSE()),SUMPRODUCT(($H8:$K8<>"")*(COUNTIF($H7:$K7,$H8:$K8)>0))>0),"⚠ ripetuto a meno di 9 giorni: niente recupero","OK"))) -> OK
A9: Q1 | B9: Q1-G03 | C9: 46328 | E9: =IF(IF(Impostazioni!$B$5="Boncompagni",D9,C9)="","",IF(Impostazioni!$B$5="Boncompagni",D9,C9)+Impostazioni!$B$7) -> 46328 | F9: =IF(E9="",1,IF(E9>=Impostazioni!$B$8,2,1)) -> 1 | G9: P02 · Circuito Super Gym d'istituto | H9: 1.1 | I9: TEC.1 | L9: =IF(COUNTA($H9:$K9)=0,"",IF(SUMPRODUCT(($H9:$K9<>"")*(COUNTIF($H9:$K9,$H9:$K9)>1))>0,"⚠ stesso sotto-obiettivo 2 volte nella giornata",IF(AND(IFERROR(AND(ISNUMBER(E8),ISNUMBER(E9),E9-E8<=8),FALSE()),SUMPRODUCT(($H9:$K9<>"")*(COUNTIF($H8:$K8,$H9:$K9)>0))>0),"⚠ ripetuto a meno di 9 giorni: niente recupero","OK"))) -> OK
A10: Q1 | B10: Q1-G04 | E10: =IF(IF(Impostazioni!$B$5="Boncompagni",D10,C10)="","",IF(Impostazioni!$B$5="Boncompagni",D10,C10)+Impostazioni!$B$7) | F10: =IF(E10="",1,IF(E10>=Impostazioni!$B$8,2,1)) -> 1 | L10: =IF(COUNTA($H10:$K10)=0,"",IF(SUMPRODUCT(($H10:$K10<>"")*(COUNTIF($H10:$K10,$H10:$K10)>1))>0,"⚠ stesso sotto-obiettivo 2 volte nella giornata",IF(AND(IFERROR(AND(ISNUMBER(E9),ISNUMBER(E10),E10-E9<=8),FALSE()),SUMPRODUCT(($H10:$K10<>"")*(COUNTIF($H9:$K9,$H10:$K10)>0))>0),"⚠ ripetuto a meno di 9 giorni: niente recupero","OK")))
A11: Q1 | B11: Q1-G05 | E11: =IF(IF(Impostazioni!$B$5="Boncompagni",D11,C11)="","",IF(Impostazioni!$B$5="Boncompagni",D11,C11)+Impostazioni!$B$7) | F11: =IF(E11="",1,IF(E11>=Impostazioni!$B$8,2,1)) -> 1 | L11: =IF(COUNTA($H11:$K11)=0,"",IF(SUMPRODUCT(($H11:$K11<>"")*(COUNTIF($H11:$K11,$H11:$K11)>1))>0,"⚠ stesso sotto-obiettivo 2 volte nella giornata",IF(AND(IFERROR(AND(ISNUMBER(E10),ISNUMBER(E11),E11-E10<=8),FALSE()),SUMPRODUCT(($H11:$K11<>"")*(COUNTIF($H10:$K10,$H11:$K11)>0))>0),"⚠ ripetuto a meno di 9 giorni: niente recupero","OK")))
A12: Q1 | B12: Q1-G06 | E12: =IF(IF(Impostazioni!$B$5="Boncompagni",D12,C12)="","",IF(Impostazioni!$B$5="Boncompagni",D12,C12)+Impostazioni!$B$7) | F12: =IF(E12="",1,IF(E12>=Impostazioni!$B$8,2,1)) -> 1 | L12: =IF(COUNTA($H12:$K12)=0,"",IF(SUMPRODUCT(($H12:$K12<>"")*(COUNTIF($H12:$K12,$H12:$K12)>1))>0,"⚠ stesso sotto-obiettivo 2 volte nella giornata",IF(AND(IFERROR(AND(ISNUMBER(E11),ISNUMBER(E12),E12-E11<=8),FALSE()),SUMPRODUCT(($H12:$K12<>"")*(COUNTIF($H11:$K11,$H12:$K12)>0))>0),"⚠ ripetuto a meno di 9 giorni: niente recupero","OK")))
A13: Q1 | B13: Q1-G07 | E13: =IF(IF(Impostazioni!$B$5="Boncompagni",D13,C13)="","",IF(Impostazioni!$B$5="Boncompagni",D13,C13)+Impostazioni!$B$7) | F13: =IF(E13="",1,IF(E13>=Impostazioni!$B$8,2,1)) -> 1 | L13: =IF(COUNTA($H13:$K13)=0,"",IF(SUMPRODUCT(($H13:$K13<>"")*(COUNTIF($H13:$K13,$H13:$K13)>1))>0,"⚠ stesso sotto-obiettivo 2 volte nella giornata",IF(AND(IFERROR(AND(ISNUMBER(E12),ISNUMBER(E13),E13-E12<=8),FALSE()),SUMPRODUCT(($H13:$K13<>"")*(COUNTIF($H12:$K12,$H13:$K13)>0))>0),"⚠ ripetuto a meno di 9 giorni: niente recupero","OK")))
A14: Q1 | B14: Q1-G08 | E14: =IF(IF(Impostazioni!$B$5="Boncompagni",D14,C14)="","",IF(Impostazioni!$B$5="Boncompagni",D14,C14)+Impostazioni!$B$7) | F14: =IF(E14="",1,IF(E14>=Impostazioni!$B$8,2,1)) -> 1 | L14: =IF(COUNTA($H14:$K14)=0,"",IF(SUMPRODUCT(($H14:$K14<>"")*(COUNTIF($H14:$K14,$H14:$K14)>1))>0,"⚠ stesso sotto-obiettivo 2 volte nella giornata",IF(AND(IFERROR(AND(ISNUMBER(E13),ISNUMBER(E14),E14-E13<=8),FALSE()),SUMPRODUCT(($H14:$K14<>"")*(COUNTIF($H13:$K13,$H14:$K14)>0))>0),"⚠ ripetuto a meno di 9 giorni: niente recupero","OK")))
A15: Q1 | B15: Q1-G09 | E15: =IF(IF(Impostazioni!$B$5="Boncompagni",D15,C15)="","",IF(Impostazioni!$B$5="Boncompagni",D15,C15)+Impostazioni!$B$7) | F15: =IF(E15="",1,IF(E15>=Impostazioni!$B$8,2,1)) -> 1 | L15: =IF(COUNTA($H15:$K15)=0,"",IF(SUMPRODUCT(($H15:$K15<>"")*(COUNTIF($H15:$K15,$H15:$K15)>1))>0,"⚠ stesso sotto-obiettivo 2 volte nella giornata",IF(AND(IFERROR(AND(ISNUMBER(E14),ISNUMBER(E15),E15-E14<=8),FALSE()),SUMPRODUCT(($H15:$K15<>"")*(COUNTIF($H14:$K14,$H15:$K15)>0))>0),"⚠ ripetuto a meno di 9 giorni: niente recupero","OK")))
A16: Q1 | B16: Q1-G10 | E16: =IF(IF(Impostazioni!$B$5="Boncompagni",D16,C16)="","",IF(Impostazioni!$B$5="Boncompagni",D16,C16)+Impostazioni!$B$7) | F16: =IF(E16="",1,IF(E16>=Impostazioni!$B$8,2,1)) -> 1 | L16: =IF(COUNTA($H16:$K16)=0,"",IF(SUMPRODUCT(($H16:$K16<>"")*(COUNTIF($H16:$K16,$H16:$K16)>1))>0,"⚠ stesso sotto-obiettivo 2 volte nella giornata",IF(AND(IFERROR(AND(ISNUMBER(E15),ISNUMBER(E16),E16-E15<=8),FALSE()),SUMPRODUCT(($H16:$K16<>"")*(COUNTIF($H15:$K15,$H16:$K16)>0))>0),"⚠ ripetuto a meno di 9 giorni: niente recupero","OK")))
A17: Q2 | B17: Q2-G01 | E17: =IF(IF(Impostazioni!$B$5="Boncompagni",D17,C17)="","",IF(Impostazioni!$B$5="Boncompagni",D17,C17)+Impostazioni!$B$7) | F17: =IF(E17="",1,IF(E17>=Impostazioni!$B$9,2,1)) -> 1 | L17: =IF(COUNTA($H17:$K17)=0,"",IF(SUMPRODUCT(($H17:$K17<>"")*(COUNTIF($H17:$K17,$H17:$K17)>1))>0,"⚠ stesso sotto-obiettivo 2 volte nella giornata","OK"))
A18: Q2 | B18: Q2-G02 | E18: =IF(IF(Impostazioni!$B$5="Boncompagni",D18,C18)="","",IF(Impostazioni!$B$5="Boncompagni",D18,C18)+Impostazioni!$B$7) | F18: =IF(E18="",1,IF(E18>=Impostazioni!$B$9,2,1)) -> 1 | L18: =IF(COUNTA($H18:$K18)=0,"",IF(SUMPRODUCT(($H18:$K18<>"")*(COUNTIF($H18:$K18,$H18:$K18)>1))>0,"⚠ stesso sotto-obiettivo 2 volte nella giornata",IF(AND(IFERROR(AND(ISNUMBER(E17),ISNUMBER(E18),E18-E17<=8),FALSE()),SUMPRODUCT(($H18:$K18<>"")*(COUNTIF($H17:$K17,$H18:$K18)>0))>0),"⚠ ripetuto a meno di 9 giorni: niente recupero","OK")))
A19: Q2 | B19: Q2-G03 | E19: =IF(IF(Impostazioni!$B$5="Boncompagni",D19,C19)="","",IF(Impostazioni!$B$5="Boncompagni",D19,C19)+Impostazioni!$B$7) | F19: =IF(E19="",1,IF(E19>=Impostazioni!$B$9,2,1)) -> 1 | L19: =IF(COUNTA($H19:$K19)=0,"",IF(SUMPRODUCT(($H19:$K19<>"")*(COUNTIF($H19:$K19,$H19:$K19)>1))>0,"⚠ stesso sotto-obiettivo 2 volte nella giornata",IF(AND(IFERROR(AND(ISNUMBER(E18),ISNUMBER(E19),E19-E18<=8),FALSE()),SUMPRODUCT(($H19:$K19<>"")*(COUNTIF($H18:$K18,$H19:$K19)>0))>0),"⚠ ripetuto a meno di 9 giorni: niente recupero","OK")))
A20: Q2 | B20: Q2-G04 | E20: =IF(IF(Impostazioni!$B$5="Boncompagni",D20,C20)="","",IF(Impostazioni!$B$5="Boncompagni",D20,C20)+Impostazioni!$B$7) | F20: =IF(E20="",1,IF(E20>=Impostazioni!$B$9,2,1)) -> 1 | L20: =IF(COUNTA($H20:$K20)=0,"",IF(SUMPRODUCT(($H20:$K20<>"")*(COUNTIF($H20:$K20,$H20:$K20)>1))>0,"⚠ stesso sotto-obiettivo 2 volte nella giornata",IF(AND(IFERROR(AND(ISNUMBER(E19),ISNUMBER(E20),E20-E19<=8),FALSE()),SUMPRODUCT(($H20:$K20<>"")*(COUNTIF($H19:$K19,$H20:$K20)>0))>0),"⚠ ripetuto a meno di 9 giorni: niente recupero","OK")))
A21: Q2 | B21: Q2-G05 | E21: =IF(IF(Impostazioni!$B$5="Boncompagni",D21,C21)="","",IF(Impostazioni!$B$5="Boncompagni",D21,C21)+Impostazioni!$B$7) | F21: =IF(E21="",1,IF(E21>=Impostazioni!$B$9,2,1)) -> 1 | L21: =IF(COUNTA($H21:$K21)=0,"",IF(SUMPRODUCT(($H21:$K21<>"")*(COUNTIF($H21:$K21,$H21:$K21)>1))>0,"⚠ stesso sotto-obiettivo 2 volte nella giornata",IF(AND(IFERROR(AND(ISNUMBER(E20),ISNUMBER(E21),E21-E20<=8),FALSE()),SUMPRODUCT(($H21:$K21<>"")*(COUNTIF($H20:$K20,$H21:$K21)>0))>0),"⚠ ripetuto a meno di 9 giorni: niente recupero","OK")))
A22: Q2 | B22: Q2-G06 | E22: =IF(IF(Impostazioni!$B$5="Boncompagni",D22,C22)="","",IF(Impostazioni!$B$5="Boncompagni",D22,C22)+Impostazioni!$B$7) | F22: =IF(E22="",1,IF(E22>=Impostazioni!$B$9,2,1)) -> 1 | L22: =IF(COUNTA($H22:$K22)=0,"",IF(SUMPRODUCT(($H22:$K22<>"")*(COUNTIF($H22:$K22,$H22:$K22)>1))>0,"⚠ stesso sotto-obiettivo 2 volte nella giornata",IF(AND(IFERROR(AND(ISNUMBER(E21),ISNUMBER(E22),E22-E21<=8),FALSE()),SUMPRODUCT(($H22:$K22<>"")*(COUNTIF($H21:$K21,$H22:$K22)>0))>0),"⚠ ripetuto a meno di 9 giorni: niente recupero","OK")))
A23: Q2 | B23: Q2-G07 | E23: =IF(IF(Impostazioni!$B$5="Boncompagni",D23,C23)="","",IF(Impostazioni!$B$5="Boncompagni",D23,C23)+Impostazioni!$B$7) | F23: =IF(E23="",1,IF(E23>=Impostazioni!$B$9,2,1)) -> 1 | L23: =IF(COUNTA($H23:$K23)=0,"",IF(SUMPRODUCT(($H23:$K23<>"")*(COUNTIF($H23:$K23,$H23:$K23)>1))>0,"⚠ stesso sotto-obiettivo 2 volte nella giornata",IF(AND(IFERROR(AND(ISNUMBER(E22),ISNUMBER(E23),E23-E22<=8),FALSE()),SUMPRODUCT(($H23:$K23<>"")*(COUNTIF($H22:$K22,$H23:$K23)>0))>0),"⚠ ripetuto a meno di 9 giorni: niente recupero","OK")))
A24: Q2 | B24: Q2-G08 | E24: =IF(IF(Impostazioni!$B$5="Boncompagni",D24,C24)="","",IF(Impostazioni!$B$5="Boncompagni",D24,C24)+Impostazioni!$B$7) | F24: =IF(E24="",1,IF(E24>=Impostazioni!$B$9,2,1)) -> 1 | L24: =IF(COUNTA($H24:$K24)=0,"",IF(SUMPRODUCT(($H24:$K24<>"")*(COUNTIF($H24:$K24,$H24:$K24)>1))>0,"⚠ stesso sotto-obiettivo 2 volte nella giornata",IF(AND(IFERROR(AND(ISNUMBER(E23),ISNUMBER(E24),E24-E23<=8),FALSE()),SUMPRODUCT(($H24:$K24<>"")*(COUNTIF($H23:$K23,$H24:$K24)>0))>0),"⚠ ripetuto a meno di 9 giorni: niente recupero","OK")))
A25: Q2 | B25: Q2-G09 | E25: =IF(IF(Impostazioni!$B$5="Boncompagni",D25,C25)="","",IF(Impostazioni!$B$5="Boncompagni",D25,C25)+Impostazioni!$B$7) | F25: =IF(E25="",1,IF(E25>=Impostazioni!$B$9,2,1)) -> 1 | L25: =IF(COUNTA($H25:$K25)=0,"",IF(SUMPRODUCT(($H25:$K25<>"")*(COUNTIF($H25:$K25,$H25:$K25)>1))>0,"⚠ stesso sotto-obiettivo 2 volte nella giornata",IF(AND(IFERROR(AND(ISNUMBER(E24),ISNUMBER(E25),E25-E24<=8),FALSE()),SUMPRODUCT(($H25:$K25<>"")*(COUNTIF($H24:$K24,$H25:$K25)>0))>0),"⚠ ripetuto a meno di 9 giorni: niente recupero","OK")))
A26: Q2 | B26: Q2-G10 | E26: =IF(IF(Impostazioni!$B$5="Boncompagni",D26,C26)="","",IF(Impostazioni!$B$5="Boncompagni",D26,C26)+Impostazioni!$B$7) | F26: =IF(E26="",1,IF(E26>=Impostazioni!$B$9,2,1)) -> 1 | L26: =IF(COUNTA($H26:$K26)=0,"",IF(SUMPRODUCT(($H26:$K26<>"")*(COUNTIF($H26:$K26,$H26:$K26)>1))>0,"⚠ stesso sotto-obiettivo 2 volte nella giornata",IF(AND(IFERROR(AND(ISNUMBER(E25),ISNUMBER(E26),E26-E25<=8),FALSE()),SUMPRODUCT(($H26:$K26<>"")*(COUNTIF($H25:$K25,$H26:$K26)>0))>0),"⚠ ripetuto a meno di 9 giorni: niente recupero","OK")))

Sheet Alunni
A1: ALUNNI · MODELLO-5 · anagrafica di riferimento per tutti i fogli
A2: Ordine alfabetico · numero fisso tutto l'anno · nuovi alunni in fondo · Stato: Attivo / Ritirato / ES · OP = obiettivi personalizzati
A4: N° | B4: Codice | C4: Cognome e nome | D4: Stato | E4: OP | F4: Note didattiche (no dati sanitari)
A5: 1 | B5: =Impostazioni!$B$3&"-"&TEXT(A5,"00") -> MODELLO-5-01 | C5: Rossi Mario (esempio) | D5: Attivo
A6: 2 | B6: =Impostazioni!$B$3&"-"&TEXT(A6,"00") -> MODELLO-5-02 | C6: Bianchi Anna (esempio) | D6: Attivo | E6: OP
A7: 3 | B7: =Impostazioni!$B$3&"-"&TEXT(A7,"00") -> MODELLO-5-03 | C7: Verdi Luca (esempio) | D7: ES
A8: 4 | B8: =Impostazioni!$B$3&"-"&TEXT(A8,"00") -> MODELLO-5-04
A9: 5 | B9: =Impostazioni!$B$3&"-"&TEXT(A9,"00") -> MODELLO-5-05
A10: 6 | B10: =Impostazioni!$B$3&"-"&TEXT(A10,"00") -> MODELLO-5-06
A11: 7 | B11: =Impostazioni!$B$3&"-"&TEXT(A11,"00") -> MODELLO-5-07
A12: 8 | B12: =Impostazioni!$B$3&"-"&TEXT(A12,"00") -> MODELLO-5-08
A13: 9 | B13: =Impostazioni!$B$3&"-"&TEXT(A13,"00") -> MODELLO-5-09
A14: 10 | B14: =Impostazioni!$B$3&"-"&TEXT(A14,"00") -> MODELLO-5-10
A15: 11 | B15: =Impostazioni!$B$3&"-"&TEXT(A15,"00") -> MODELLO-5-11
A16: 12 | B16: =Impostazioni!$B$3&"-"&TEXT(A16,"00") -> MODELLO-5-12
A17: 13 | B17: =Impostazioni!$B$3&"-"&TEXT(A17,"00") -> MODELLO-5-13
A18: 14 | B18: =Impostazioni!$B$3&"-"&TEXT(A18,"00") -> MODELLO-5-14
A19: 15 | B19: =Impostazioni!$B$3&"-"&TEXT(A19,"00") -> MODELLO-5-15
... A34: 30 | B34: =Impostazioni!$B$3&"-"&TEXT(A34,"00") -> MODELLO-5-30

Sheet Registro
A1: REGISTRO DELLE PROVE · MODELLO-5 · tocca una giornata per raggiungerla
B2: 1° quadrimestre › | C2: =HYPERLINK("#Registro!A6","G01") -> G01 | E2: =HYPERLINK("#Registro!A42","G02") -> G02 | G2: =HYPERLINK("#Registro!A78","G03") -> G03 | I2: =HYPERLINK("#Registro!A114","G04") -> G04 | K2: =HYPERLINK("#Registro!A150","G05") -> G05 | M2: =HYPERLINK("#Registro!A186","G06") -> G06 | O2: =HYPERLINK("#Registro!A222","G07") -> G07 | Q2: =HYPERLINK("#Registro!A258","G08") -> G08 | S2: =HYPERLINK("#Registro!A294","G09") -> G09 | U2: =HYPERLINK("#Registro!A330","G10") -> G10
B3: 2° quadrimestre › | C3: =HYPERLINK("#Registro!A366","G01") -> G01 | E3: =HYPERLINK("#Registro!A402","G02") -> G02 | G3: =HYPERLINK("#Registro!A438","G03") -> G03 | I3: =HYPERLINK("#Registro!A474","G04") -> G04 | K3: =HYPERLINK("#Registro!A510","G05") -> G05 | M3: =HYPERLINK("#Registro!A546","G06") -> G06 | O3: =HYPERLINK("#Registro!A582","G07") -> G07 | Q3: =HYPERLINK("#Registro!A618","G08") -> G08 | S3: =HYPERLINK("#Registro!A654","G09") -> G09 | U3: =HYPERLINK("#Registro!A690","G10") -> G10
A4: Livelli: 10 Ottimo · 9 Distinto · 8 Buono · 7 Discreto · 6 Sufficiente · 5 Non sufficiente · Stato: AS assente · NV non valutabile · ES esonerato
A6: =Calendario!B7&" · "&IF(Calendario!G7="","(descrizione da Calendario)",Calendario!G7)&" · "&IF(Calendario!E7="","data da fissare",CHOOSE(WEEKDAY(Calendario!E7,2),"lunedì","martedì","mercoledì","giovedì","venerdì","sabato","domenica")&" "&TEXT(DAY(Calendario!E7),"00")&"/"&TEXT(MONTH(Calendario!E7),"00")&"/"&YEAR(Calendario!E7)) -> Q1-G01 · Test d'ingresso – schemi motori di base · lunedì 28/09/2026
A7: Sotto-obiettivo | E7: =IF(Calendario!$H$7="","— libero —",Calendario!$H$7&" "&IFERROR(VLOOKUP(Calendario!$H$7,Impostazioni!$A$25:$J$36,3,FALSE()),"")) -> 1.1 Traiettorie, ritmi, organizzazione | K7: =IF(Calendario!$I$7="","— libero —",Calendario!$I$7&" "&IFERROR(VLOOKUP(Calendario!$I$7,Impostazioni!$A$25:$J$36,3,FALSE()),"")) -> — libero — | Q7: =IF(Calendario!$J$7="","— libero —",Calendario!$J$7&" "&IFERROR(VLOOKUP(Calendario!$J$7,Impostazioni!$A$25:$J$36,3,FALSE()),"")) -> — libero — | W7: =IF(Calendario!$K$7="","— libero —",Calendario!$K$7&" "&IFERROR(VLOOKUP(Calendario!$K$7,Impostazioni!$A$25:$J$36,3,FALSE()),"")) -> — libero —
A8: Concorre a | E8: =IF(Calendario!$H$7="","","Ob. "&IFERROR(VLOOKUP(Calendario!$H$7,Impostazioni!$A$25:$J$36,5,FALSE()),"?")&" · peso "&IF(Calendario!$F$7=2,Impostazioni!$B$11,Impostazioni!$B$10)) -> Ob. A · peso 1 | K8: =IF(Calendario!$I$7="","","Ob. "&IFERROR(VLOOKUP(Calendario!$I$7,Impostazioni!$A$25:$J$36,5,FALSE()),"?")&" · peso "&IF(Calendario!$F$7=2,Impostazioni!$B$11,Impostazioni!$B$10)) | Q8: =IF(Calendario!$J$7="","","Ob. "&IFERROR(VLOOKUP(Calendario!$J$7,Impostazioni!$A$25:$J$36,5,FALSE()),"?")&" · peso "&IF(Calendario!$F$7=2,Impostazioni!$B$11,Impostazioni!$B$10)) | W8: =IF(Calendario!$K$7="","","Ob. "&IFERROR(VLOOKUP(Calendario!$K$7,Impostazioni!$A$25:$J$36,5,FALSE()),"?")&" · peso "&IF(Calendario!$F$7=2,Impostazioni!$B$11,Impostazioni!$B$10))
A9: Indicatori (tocca → rubrica) | E9: =IF(Calendario!$H$7="","",IFERROR(HYPERLINK("#Rubriche!C"&(MATCH(Calendario!$H$7,Rubriche!$A$1:$A$1000,0)+0),VLOOKUP(Calendario!$H$7,Impostazioni!$A$25:$J$36,7,FALSE())),"")) -> Traiettorie | F9: =IF(Calendario!$H$7="","",IFERROR(HYPERLINK("#Rubriche!C"&(MATCH(Calendario!$H$7,Rubriche!$A$1:$A$1000,0)+1),VLOOKUP(Calendario!$H$7,Impostazioni!$A$25:$J$36,8,FALSE())),"")) -> Distanze e velocità | G9: =IF(Calendario!$H$7="","",IFERROR(HYPERLINK("#Rubriche!C"&(MATCH(Calendario!$H$7,Rubriche!$A$1:$A$1000,0)+2),VLOOKUP(Calendario!$H$7,Impostazioni!$A$25:$J$36,9,FALSE())),"")) -> Ritmi esecutivi | H9: =IF(Calendario!$H$7="","",IFERROR(HYPERLINK("#Rubriche!C"&(MATCH(Calendario!$H$7,Rubriche!$A$1:$A$1000,0)+3),VLOOKUP(Calendario!$H$7,Impostazioni!$A$25:$J$36,10,FALSE())),"")) -> Organizzazione con gli altri | K9: =IF(Calendario!$I$7="","",IFERROR(HYPERLINK("#Rubriche!C"&(MATCH(Calendario!$I$7,Rubriche!$A$1:$A$1000,0)+0),VLOOKUP(Calendario!$I$7,Impostazioni!$A$25:$J$36,7,FALSE())),"")) | L9: =IF(Calendario!$I$7="","",IFERROR(HYPERLINK("#Rubriche!C"&(MATCH(Calendario!$I$7,Rubriche!$A$1:$A$1000,0)+1),VLOOKUP(Calendario!$I$7,Impostazioni!$A$25:$J$36,8,FALSE())),"")) | M9: =IF(Calendario!$I$7="","",IFERROR(HYPERLINK("#Rubriche!C"&(MATCH(Calendario!$I$7,Rubriche!$A$1:$A$1000,0)+2),VLOOKUP(Calendario!$I$7,Impostazioni!$A$25:$J$36,9,FALSE())),"")) | N9: =IF(Calendario!$I$7="","",IFERROR(HYPERLINK("#Rubriche!C"&(MATCH(Calendario!$I$7,Rubriche!$A$1:$A$1000,0)+3),VLOOKUP(Calendario!$I$7,Impostazioni!$A$25:$J$36,10,FALSE())),"")) | Q9: =IF(Calendario!$J$7="","",IFERROR(HYPERLINK("#Rubriche!C"&(MATCH(Calendario!$J$7,Rubriche!$A$1:$A$1000,0)+0),VLOOKUP(Calendario!$J$7,Impostazioni!$A$25:$J$36,7,FALSE())),"")) | R9: =IF(Calendario!$J$7="","",IFERROR(HYPERLINK("#Rubriche!C"&(MATCH(Calendario!$J$7,Rubriche!$A$1:$A$1000,0)+1),VLOOKUP(Calendario!$J$7,Impostazioni!$A$25:$J$36,8,FALSE())),"")) | S9: =IF(Calendario!$J$7="","",IFERROR(HYPERLINK("#Rubriche!C"&(MATCH(Calendario!$J$7,Rubriche!$A$1:$A$1000,0)+2),VLOOKUP(Calendario!$J$7,Impostazioni!$A$25:$J$36,9,FALSE())),"")) | T9: =IF(Calendario!$J$7="","",IFERROR(HYPERLINK("#Rubriche!C"&(MATCH(Calendario!$J$7,Rubriche!$A$1:$A$1000,0)+3),VLOOKUP(Calendario!$J$7,Impostazioni!$A$25:$J$36,10,FALSE())),"")) | W9: =IF(Calendario!$K$7="","",IFERROR(HYPERLINK("#Rubriche!C"&(MATCH(Calendario!$K$7,Rubriche!$A$1:$A$1000,0)+0),VLOOKUP(Calendario!$K$7,Impostazioni!$A$25:$J$36,7,FALSE())),"")) | X9: =IF(Calendario!$K$7="","",IFERROR(HYPERLINK("#Rubriche!C"&(MATCH(Calendario!$K$7,Rubriche!$A$1:$A$1000,0)+1),VLOOKUP(Calendario!$K$7,Impostazioni!$A$25:$J$36,8,FALSE())),"")) | Y9: =IF(Calendario!$K$7="","",IFERROR(HYPERLINK("#Rubriche!C"&(MATCH(Calendario!$K$7,Rubriche!$A$1:$A$1000,0)+2),VLOOKUP(Calendario!$K$7,Impostazioni!$A$25:$J$36,9,FALSE())),"")) | Z9: =IF(Calendario!$K$7="","",IFERROR(HYPERLINK("#Rubriche!C"&(MATCH(Calendario!$K$7,Rubriche!$A$1:$A$1000,0)+3),VLOOKUP(Calendario!$K$7,Impostazioni!$A$25:$J$36,10,FALSE())),""))
A10: N° | B10: Alunno | C10: Stato | D10: Recuperata il | E10: I1 | F10: I2 | G10: I3 | H10: I4 | I10: VOTO | J10: GIUDIZIO (Argo) | K10: I1 | L10: I2 | M10: I3 | N10: I4 | O10: VOTO | P10: GIUDIZIO (Argo) | Q10: I1 | R10: I2 | S10: I3 | T10: I4 | U10: VOTO | V10: GIUDIZIO (Argo) | W10: I1 | X10: I2 | Y10: I3 | Z10: I4 | AA10: VOTO | AB10: GIUDIZIO (Argo)
A11: 1 | B11: =IFERROR(INDEX(Alunni!$C$1:$C$1000,MATCH($A11,Alunni!$A$1:$A$1000,0))&"","") -> Rossi Mario (esempio) | E11: 8 | F11: 8 | G11: 7 | I11: =IF(COUNT(E11:H11)=0,"",ROUND(AVERAGE(E11:H11),0)) -> 8 | J11: =IF(I11="","",LOOKUP(I11,Impostazioni!$E$4:$E$9,Impostazioni!$F$4:$F$9)) -> Buono | O11: =IF(COUNT(K11:N11)=0,"",ROUND(AVERAGE(K11:N11),0)) | P11: =IF(O11="","",LOOKUP(O11,Impostazioni!$E$4:$E$9,Impostazioni!$F$4:$F$9)) | U11: =IF(COUNT(Q11:T11)=0,"",ROUND(AVERAGE(Q11:T11),0)) | V11: =IF(U11="","",LOOKUP(U11,Impostazioni!$E$4:$E$9,Impostazioni!$F$4:$F$9)) | AA11: =IF(COUNT(W11:Z11)=0,"",ROUND(AVERAGE(W11:Z11),0)) | AB11: =IF(AA11="","",LOOKUP(AA11,Impostazioni!$E$4:$E$9,Impostazioni!$F$4:$F$9))
A12: 2 | B12: =IFERROR(INDEX(Alunni!$C$1:$C$1000,MATCH($A12,Alunni!$A$1:$A$1000,0))&"","") -> Bianchi Anna (esempio) | E12: 7 | F12: 7 | I12: =IF(COUNT(E12:H12)=0,"",ROUND(AVERAGE(E12:H12),0)) -> 7 | J12: =IF(I12="","",LOOKUP(I12,Impostazioni!$E$4:$E$9,Impostazioni!$F$4:$F$9)) -> Discreto | O12: =IF(COUNT(K12:N12)=0,"",ROUND(AVERAGE(K12:N12),0)) | P12: =IF(O12="","",LOOKUP(O12,Impostazioni!$E$4:$E$9,Impostazioni!$F$4:$F$9)) | U12: =IF(COUNT(Q12:T12)=0,"",ROUND(AVERAGE(Q12:T12),0)) | V12: =IF(U12="","",LOOKUP(U12,Impostazioni!$E$4:$E$9,Impostazioni!$F$4:$F$9)) | AA12: =IF(COUNT(W12:Z12)=0,"",ROUND(AVERAGE(W12:Z12),0)) | AB12: =IF(AA12="","",LOOKUP(AA12,Impostazioni!$E$4:$E$9,Impostazioni!$F$4:$F$9))
A13: 3 | B13: =IFERROR(INDEX(Alunni!$C$1:$C$1000,MATCH($A13,Alunni!$A$1:$A$1000,0))&"","") -> Verdi Luca (esempio) | I13: =IF(COUNT(E13:H13)=0,"",ROUND(AVERAGE(E13:H13),0)) | J13: =IF(I13="","",LOOKUP(I13,Impostazioni!$E$4:$E$9,Impostazioni!$F$4:$F$9)) | O13: =IF(COUNT(K13:N13)=0,"",ROUND(AVERAGE(K13:N13),0)) | P13: =IF(O13="","",LOOKUP(O13,Impostazioni!$E$4:$E$9,Impostazioni!$F$4:$F$9)) | U13: =IF(COUNT(Q13:T13)=0,"",ROUND(AVERAGE(Q13:T13),0)) | V13: =IF(U13="","",LOOKUP(U13,Impostazioni!$E$4:$E$9,Impostazioni!$F$4:$F$9)) | AA13: =IF(COUNT(W13:Z13)=0,"",ROUND(AVERAGE(W13:Z13),0)) | AB13: =IF(AA13="","",LOOKUP(AA13,Impostazioni!$E$4:$E$9,Impostazioni!$F$4:$F$9))
A14: 4 | B14: =IFERROR(INDEX(Alunni!$C$1:$C$1000,MATCH($A14,Alunni!$A$1:$A$1000,0))&"","") | I14: =IF(COUNT(E14:H14)=0,"",ROUND(AVERAGE(E14:H14),0)) | J14: =IF(I14="","",LOOKUP(I14,Impostazioni!$E$4:$E$9,Impostazioni!$F$4:$F$9)) | O14: =IF(COUNT(K14:N14)=0,"",ROUND(AVERAGE(K14:N14),0)) | P14: =IF(O14="","",LOOKUP(O14,Impostazioni!$E$4:$E$9,Impostazioni!$F$4:$F$9)) | U14: =IF(COUNT(Q14:T14)=0,"",ROUND(AVERAGE(Q14:T14),0)) | V14: =IF(U14="","",LOOKUP(U14,Impostazioni!$E$4:$E$9,Impostazioni!$F$4:$F$9)) | AA14: =IF(COUNT(W14:Z14)=0,"",ROUND(AVERAGE(W14:Z14),0)) | AB14: =IF(AA14="","",LOOKUP(AA14,Impostazioni!$E$4:$E$9,Impostazioni!$F$4:$F$9))
A15: 5 | B15: =IFERROR(INDEX(Alunni!$C$1:$C$1000,MATCH($A15,Alunni!$A$1:$A$1000,0))&"","") | I15: =IF(COUNT(E15:H15)=0,"",ROUND(AVERAGE(E15:H15),0)) | J15: =IF(I15="","",LOOKUP(I15,Impostazioni!$E$4:$E$9,Impostazioni!$F$4:$F$9)) | O15: =IF(COUNT(K15:N15)=0,"",ROUND(AVERAGE(K15:N15),0)) | P15: =IF(O15="","",LOOKUP(O15,Impostazioni!$E$4:$E$9,Impostazioni!$F$4:$F$9)) | U15: =IF(COUNT(Q15:T15)=0,"",ROUND(AVERAGE(Q15:T15),0)) | V15: =IF(U15="","",LOOKUP(U15,Impostazioni!$E$4:$E$9,Impostazioni!$F$4:$F$9)) | AA15: =IF(COUNT(W15:Z15)=0,"",ROUND(AVERAGE(W15:Z15),0)) | AB15: =IF(AA15="","",LOOKUP(AA15,Impostazioni!$E$4:$E$9,Impostazioni!$F$4:$F$9))
A16: 6 | B16: =IFERROR(INDEX(Alunni!$C$1:$C$1000,MATCH($A16,Alunni!$A$1:$A$1000,0))&"","") | I16: =IF(COUNT(E16:H16)=0,"",ROUND(AVERAGE(E16:H16),0)) | J16: =IF(I16="","",LOOKUP(I16,Impostazioni!$E$4:$E$9,Impostazioni!$F$4:$F$9)) | O16: =IF(COUNT(K16:N16)=0,"",ROUND(AVERAGE(K16:N16),0)) | P16: =IF(O16="","",LOOKUP(O16,Impostazioni!$E$4:$E$9,Impostazioni!$F$4:$F$9)) | U16: =IF(COUNT(Q16:T16)=0,"",ROUND(AVERAGE(Q16:T16),0)) | V16: =IF(U16="","",LOOKUP(U16,Impostazioni!$E$4:$E$9,Impostazioni!$F$4:$F$9)) | AA16: =IF(COUNT(W16:Z16)=0,"",ROUND(AVERAGE(W16:Z16),0)) | AB16: =IF(AA16="","",LOOKUP(AA16,Impostazioni!$E$4:$E$9,Impostazioni!$F$4:$F$9))
A17: 7 | B17: =IFERROR(INDEX(Alunni!$C$1:$C$1000,MATCH($A17,Alunni!$A$1:$A$1000,0))&"","") | I17: =IF(COUNT(E17:H17)=0,"",ROUND(AVERAGE(E17:H17),0)) | J17: =IF(I17="","",LOOKUP(I17,Impostazioni!$E$4:$E$9,Impostazioni!$F$4:$F$9)) | O17: =IF(COUNT(K17:N17)=0,"",ROUND(AVERAGE(K17:N17),0)) | P17: =IF(O17="","",LOOKUP(O17,Impostazioni!$E$4:$E$9,Impostazioni!$F$4:$F$9)) | U17: =IF(COUNT(Q17:T17)=0,"",ROUND(AVERAGE(Q17:T17),0)) | V17: =IF(U17="","",LOOKUP(U17,Impostazioni!$E$4:$E$9,Impostazioni!$F$4:$F$9)) | AA17: =IF(COUNT(W17:Z17)=0,"",ROUND(AVERAGE(W17:Z17),0)) | AB17: =IF(AA17="","",LOOKUP(AA17,Impostazioni!$E$4:$E$9,Impostazioni!$F$4:$F$9))
A18: 8 | B18: =IFERROR(INDEX(Alunni!$C$1:$C$1000,MATCH($A18,Alunni!$A$1:$A$1000,0))&"","") | I18: =IF(COUNT(E18:H18)=0,"",ROUND(AVERAGE(E18:H18),0)) | J18: =IF(I18="","",LOOKUP(I18,Impostazioni!$E$4:$E$9,Impostazioni!$F$4:$F$9)) | O18: =IF(COUNT(K18:N18)=0,"",ROUND(AVERAGE(K18:N18),0)) | P18: =IF(O18="","",LOOKUP(O18,Impostazioni!$E$4:$E$9,Impostazioni!$F$4:$F$9)) | U18: =IF(COUNT(Q18:T18)=0,"",ROUND(AVERAGE(Q18:T18),0)) | V18: =IF(U18="","",LOOKUP(U18,Impostazioni!$E$4:$E$9,Impostazioni!$F$4:$F$9)) | AA18: =IF(COUNT(W18:Z18)=0,"",ROUND(AVERAGE(W18:Z18),0)) | AB18: =IF(AA18="","",LOOKUP(AA18,Impostazioni!$E$4:$E$9,Impostazioni!$F$4:$F$9))
A19: 9 | B19: =IFERROR(INDEX(Alunni!$C$1:$C$1000,MATCH($A19,Alunni!$A$1:$A$1000,0))&"","") | I19: =IF(COUNT(E19:H19)=0,"",ROUND(AVERAGE(E19:H19),0)) | J19: =IF(I19="","",LOOKUP(I19,Impostazioni!$E$4:$E$9,Impostazioni!$F$4:$F$9)) | O19: =IF(COUNT(K19:N19)=0,"",ROUND(AVERAGE(K19:N19),0)) | P19: =IF(O19="","",LOOKUP(O19,Impostazioni!$E$4:$E$9,Impostazioni!$F$4:$F$9)) | U19: =IF(COUNT(Q19:T19)=0,"",ROUND(AVERAGE(Q19:T19),0)) | V19: =IF(U19="","",LOOKUP(U19,Impostazioni!$E$4:$E$9,Impostazioni!$F$4:$F$9)) | AA19: =IF(COUNT(W19:Z19)=0,"",ROUND(AVERAGE(W19:Z19),0)) | AB19: =IF(AA19="","",LOOKUP(AA19,Impostazioni!$E$4:$E$9,Impostazioni!$F$4:$F$9))
A20: 10 | B20: =IFERROR(INDEX(Alunni!$C$1:$C$1000,MATCH($A20,Alunni!$A$1:$A$1000,0))&"","") | I20: =IF(COUNT(E20:H20)=0,"",ROUND(AVERAGE(E20:H20),0)) | J20: =IF(I20="","",LOOKUP(I20,Impostazioni!$E$4:$E$9,Impostazioni!$F$4:$F$9)) | O20: =IF(COUNT(K20:N20)=0,"",ROUND(AVERAGE(K20:N20),0)) | P20: =IF(O20="","",LOOKUP(O20,Impostazioni!$E$4:$E$9,Impostazioni!$F$4:$F$9)) | U20: =IF(COUNT(Q20:T20)=0,"",ROUND(AVERAGE(Q20:T20),0)) | V20: =IF(U20="","",LOOKUP(U20,Impostazioni!$E$4:$E$9,Impostazioni!$F$4:$F$9)) | AA20: =IF(COUNT(W20:Z20)=0,"",ROUND(AVERAGE(W20:Z20),0)) | AB20: =IF(AA20="","",LOOKUP(AA20,Impostazioni!$E$4:$E$9,Impostazioni!$F$4:$F$9))
A21: 11 | B21: =IFERROR(INDEX(Alunni!$C$1:$C$1000,MATCH($A21,Alunni!$A$1:$A$1000,0))&"","") | I21: =IF(COUNT(E21:H21)=0,"",ROUND(AVERAGE(E21:H21),0)) | J21: =IF(I21="","",LOOKUP(I21,Impostazioni!$E$4:$E$9,Impostazioni!$F$4:$F$9)) | O21: =IF(COUNT(K21:N21)=0,"",ROUND(AVERAGE(K21:N21),0)) | P21: =IF(O21="","",LOOKUP(O21,Impostazioni!$E$4:$E$9,Impostazioni!$F$4:$F$9)) | U21: =IF(COUNT(Q21:T21)=0,"",ROUND(AVERAGE(Q21:T21),0)) | V21: =IF(U21="","",LOOKUP(U21,Impostazioni!$E$4:$E$9,Impostazioni!$F$4:$F$9)) | AA21: =IF(COUNT(W21:Z21)=0,"",ROUND(AVERAGE(W21:Z21),0)) | AB21: =IF(AA21="","",LOOKUP(AA21,Impostazioni!$E$4:$E$9,Impostazioni!$F$4:$F$9))
A22: 12 | B22: =IFERROR(INDEX(Alunni!$C$1:$C$1000,MATCH($A22,Alunni!$A$1:$A$1000,0))&"","") | I22: =IF(COUNT(E22:H22)=0,"",ROUND(AVERAGE(E22:H22),0)) | J22: =IF(I22="","",LOOKUP(I22,Impostazioni!$E$4:$E$9,Impostazioni!$F$4:$F$9)) | O22: =IF(COUNT(K22:N22)=0,"",ROUND(AVERAGE(K22:N22),0)) | P22: =IF(O22="","",LOOKUP(O22,Impostazioni!$E$4:$E$9,Impostazioni!$F$4:$F$9)) | U22: =IF(COUNT(Q22:T22)=0,"",ROUND(AVERAGE(Q22:T22),0)) | V22: =IF(U22="","",LOOKUP(U22,Impostazioni!$E$4:$E$9,Impostazioni!$F$4:$F$9)) | AA22: =IF(COUNT(W22:Z22)=0,"",ROUND(AVERAGE(W22:Z22),0)) | AB22: =IF(AA22="","",LOOKUP(AA22,Impostazioni!$E$4:$E$9,Impostazioni!$F$4:$F$9))
A23: 13 | B23: =IFERROR(INDEX(Alunni!$C$1:$C$1000,MATCH($A23,Alunni!$A$1:$A$1000,0))&"","") | I23: =IF(COUNT(E23:H23)=0,"",ROUND(AVERAGE(E23:H23),0)) | J23: =IF(I23="","",LOOKUP(I23,Impostazioni!$E$4:$E$9,Impostazioni!$F$4:$F$9)) | O23: =IF(COUNT(K23:N23)=0,"",ROUND(AVERAGE(K23:N23),0)) | P23: =IF(O23="","",LOOKUP(O23,Impostazioni!$E$4:$E$9,Impostazioni!$F$4:$F$9)) | U23: =IF(COUNT(Q23:T23)=0,"",ROUND(AVERAGE(Q23:T23),0)) | V23: =IF(U23="","",LOOKUP(U23,Impostazioni!$E$4:$E$9,Impostazioni!$F$4:$F$9)) | AA23: =IF(COUNT(W23:Z23)=0,"",ROUND(AVERAGE(W23:Z23),0)) | AB23: =IF(AA23="","",LOOKUP(AA23,Impostazioni!$E$4:$E$9,Impostazioni!$F$4:$F$9))
A24: 14 | B24: =IFERROR(INDEX(Alunni!$C$1:$C$1000,MATCH($A24,Alunni!$A$1:$A$1000,0))&"","") | I24: =IF(COUNT(E24:H24)=0,"",ROUND(AVERAGE(E24:H24),0)) | J24: =IF(I24="","",LOOKUP(I24,Impostazioni!$E$4:$E$9,Impostazioni!$F$4:$F$9)) | O24: =IF(COUNT(K24:N24)=0,"",ROUND(AVERAGE(K24:N24),0)) | P24: =IF(O24="","",LOOKUP(O24,Impostazioni!$E$4:$E$9,Impostazioni!$F$4:$F$9)) | U24: =IF(COUNT(Q24:T24)=0,"",ROUND(AVERAGE(Q24:T24),0)) | V24: =IF(U24="","",LOOKUP(U24,Impostazioni!$E$4:$E$9,Impostazioni!$F$4:$F$9)) | AA24: =IF(COUNT(W24:Z24)=0,"",ROUND(AVERAGE(W24:Z24),0)) | AB24: =IF(AA24="","",LOOKUP(AA24,Impostazioni!$E$4:$E$9,Impostazioni!$F$4:$F$9))
... A40: 30 | B40: =IFERROR(INDEX(Alunni!$C$1:$C$1000,MATCH($A40,Alunni!$A$1:$A$1000,0))&"","") | I40: =IF(COUNT(E40:H40)=0,"",ROUND(AVERAGE(E40:H40),0)) | J40: =IF(I40="","",LOOKUP(I40,Impostazioni!$E$4:$E$9,Impostazioni!$F$4:$F$9)) | O40: =IF(COUNT(K40:N40)=0,"",ROUND(AVERAGE(K40:N40),0)) | P40: =IF(O40="","",LOOKUP(O40,Impostazioni!$E$4:$E$9,Impostazioni!$F$4:$F$9)) | U40: =IF(COUNT(Q40:T40)=0,"",ROUND(AVERAGE(Q40:T40),0)) | V40: =IF(U40="","",LOOKUP(U40,Impostazioni!$E$4:$E$9,Impostazioni!$F$4:$F$9)) | AA40: =IF(COUNT(W40:Z40)=0,"",ROUND(AVERAGE(W40:Z40),0)) | AB40: =IF(AA40="","",LOOKUP(AA40,Impostazioni!$E$4:$E$9,Impostazioni!$F$4:$F$9))
A42: =Calendario!B8&" · "&IF(Calendario!G8="","(descrizione da Calendario)",Calendario!G8)&" · "&IF(Calendario!E8="","data da fissare",CHOOSE(WEEKDAY(Calendario!E8,2),"lunedì","martedì","mercoledì","giovedì","venerdì","sabato","domenica")&" "&TEXT(DAY(Calendario!E8),"00")&"/"&TEXT(MONTH(Calendario!E8),"00")&"/"&YEAR(Calendario!E8)) -> Q1-G02 · Progetto basket – osservazione (lezioni con l'esperto) · lunedì 26/10/2026
A43: Sotto-obiettivo | E43: =IF(Calendario!$H$8="","— libero —",Calendario!$H$8&" "&IFERROR(VLOOKUP(Calendario!$H$8,Impostazioni!$A$25:$J$36,3,FALSE()),"")) -> 3.1 Modalità esecutive gioco-sport | K43: =IF(Calendario!$I$8="","— libero —",Calendario!$I$8&" "&IFERROR(VLOOKUP(Calendario!$I$8,Impostazioni!$A$25:$J$36,3,FALSE()),"")) -> 3.3 Regole, sconfitta e vittoria | Q43: =IF(Calendario!$J$8="","— libero —",Calendario!$J$8&" "&IFERROR(VLOOKUP(Calendario!$J$8,Impostazioni!$A$25:$J$36,3,FALSE()),"")) -> — libero — | W43: =IF(Calendario!$K$8="","— libero —",Calendario!$K$8&" "&IFERROR(VLOOKUP(Calendario!$K$8,Impostazioni!$A$25:$J$36,3,FALSE()),"")) -> — libero —
A44: Concorre a | E44: =IF(Calendario!$H$8="","","Ob. "&IFERROR(VLOOKUP(Calendario!$H$8,Impostazioni!$A$25:$J$36,5,FALSE()),"?")&" · peso "&IF(Calendario!$F$8=2,Impostazioni!$B$11,Impostazioni!$B$10)) -> Ob. B · peso 1 | K44: =IF(Calendario!$I$8="","","Ob. "&IFERROR(VLOOKUP(Calendario!$I$8,Impostazioni!$A$25:$J$36,5,FALSE()),"?")&" · peso "&IF(Calendario!$F$8=2,Impostazioni!$B$11,Impostazioni!$B$10)) -> Ob. B · peso 1 | Q44: =IF(Calendario!$J$8="","","Ob. "&IFERROR(VLOOKUP(Calendario!$J$8,Impostazioni!$A$25:$J$36,5,FALSE()),"?")&" · peso "&IF(Calendario!$F$8=2,Impostazioni!$B$11,Impostazioni!$B$10)) | W44: =IF(Calendario!$K$8="","","Ob. "&IFERROR(VLOOKUP(Calendario!$K$8,Impostazioni!$A$25:$J$36,5,FALSE()),"?")&" · peso "&IF(Calendario!$F$8=2,Impostazioni!$B$11,Impostazioni!$B$10))
A45: Indicatori (tocca → rubrica) | E45: =IF(Calendario!$H$8="","",IFERROR(HYPERLINK("#Rubriche!C"&(MATCH(Calendario!$H$8,Rubriche!$A$1:$A$1000,0)+0),VLOOKUP(Calendario!$H$8,Impostazioni!$A$25:$J$36,7,FALSE())),"")) -> Gesti tecnici | F45: =IF(Calendario!$H$8="","",IFERROR(HYPERLINK("#Rubriche!C"&(MATCH(Calendario!$H$8,Rubriche!$A$1:$A$1000,0)+1),VLOOKUP(Calendario!$H$8,Impostazioni!$A$25:$J$36,8,FALSE())),"")) -> Regole specifiche | G45: =IF(Calendario!$H$8="","",IFERROR(HYPERLINK("#Rubriche!C"&(MATCH(Calendario!$H$8,Rubriche!$A$1:$A$1000,0)+2),VLOOKUP(Calendario!$H$8,Impostazioni!$A$25:$J$36,9,FALSE())),"")) -> Scelte di gioco | H45: =IF(Calendario!$H$8="","",IFERROR(HYPERLINK("#Rubriche!C"&(MATCH(Calendario!$H$8,Rubriche!$A$1:$A$1000,0)+3),VLOOKUP(Calendario!$H$8,Impostazioni!$A$25:$J$36,10,FALSE())),"")) -> Ruolo in campo | K45: =IF(Calendario!$I$8="","",IFERROR(HYPERLINK("#Rubriche!C"&(MATCH(Calendario!$I$8,Rubriche!$A$1:$A$1000,0)+0),VLOOKUP(Calendario!$I$8,Impostazioni!$A$25:$J$36,7,FALSE())),"")) -> Regole nella competizione | L45: =IF(Calendario!$I$8="","",IFERROR(HYPERLINK("#Rubriche!C"&(MATCH(Calendario!$I$8,Rubriche!$A$1:$A$1000,0)+1),VLOOKUP(Calendario!$I$8,Impostazioni!$A$25:$J$36,8,FALSE())),"")) -> Fair play | M45: =IF(Calendario!$I$8="","",IFERROR(HYPERLINK("#Rubriche!C"&(MATCH(Calendario!$I$8,Rubriche!$A$1:$A$1000,0)+2),VLOOKUP(Calendario!$I$8,Impostazioni!$A$25:$J$36,9,FALSE())),"")) -> Gestione dell'esito | N45: =IF(Calendario!$I$8="","",IFERROR(HYPERLINK("#Rubriche!C"&(MATCH(Calendario!$I$8,Rubriche!$A$1:$A$1000,0)+3),VLOOKUP(Calendario!$I$8,Impostazioni!$A$25:$J$36,10,FALSE())),"")) -> Responsabilità | Q45: =IF(Calendario!$J$8="","",IFERROR(HYPERLINK("#Rubriche!C"&(MATCH(Calendario!$J$8,Rubriche!$A$1:$A$1000,0)+0),VLOOKUP(Calendario!$J$8,Impostazioni!$A$25:$J$36,7,FALSE())),"")) | R45: =IF(Calendario!$J$8="","",IFERROR(HYPERLINK("#Rubriche!C"&(MATCH(Calendario!$J$8,Rubriche!$A$1:$A$1000,0)+1),VLOOKUP(Calendario!$J$8,Impostazioni!$A$25:$J$36,8,FALSE())),"")) | S45: =IF(Calendario!$J$8="","",IFERROR(HYPERLINK("#Rubriche!C"&(MATCH(Calendario!$J$8,Rubriche!$A$1:$A$1000,0)+2),VLOOKUP(Calendario!$J$8,Impostazioni!$A$25:$J$36,9,FALSE())),"")) | T45: =IF(Calendario!$J$8="","",IFERROR(HYPERLINK("#Rubriche!C"&(MATCH(Calendario!$J$8,Rubriche!$A$1:$A$1000,0)+3),VLOOKUP(Calendario!$J$8,Impostazioni!$A$25:$J$36,10,FALSE())),"")) | W45: =IF(Calendario!$K$8="","",IFERROR(HYPERLINK("#Rubriche!C"&(MATCH(Calendario!$K$8,Rubriche!$A$1:$A$1000,0)+0),VLOOKUP(Calendario!$K$8,Impostazioni!$A$25:$J$36,7,FALSE())),"")) | X45: =IF(Calendario!$K$8="","",IFERROR(HYPERLINK("#Rubriche!C"&(MATCH(Calendario!$K$8,Rubriche!$A$1:$A$1000,0)+1),VLOOKUP(Calendario!$K$8,Impostazioni!$A$25:$J$36,8,FALSE())),"")) | Y45: =IF(Calendario!$K$8="","",IFERROR(HYPERLINK("#Rubriche!C"&(MATCH(Calendario!$K$8,Rubriche!$A$1:$A$1000,0)+2),VLOOKUP(Calendario!$K$8,Impostazioni!$A$25:$J$36,9,FALSE())),"")) | Z45: =IF(Calendario!$K$8="","",IFERROR(HYPERLINK("#Rubriche!C"&(MATCH(Calendario!$K$8,Rubriche!$A$1:$A$1000,0)+3),VLOOKUP(Calendario!$K$8,Impostazioni!$A$25:$J$36,10,FALSE())),""))
A46: N° | B46: Alunno | C46: Stato | D46: Recuperata il | E46: I1 | F46: I2 | G46: I3 | H46: I4 | I46: VOTO | J46: GIUDIZIO (Argo) | K46: I1 | L46: I2 | M46: I3 | N46: I4 | O46: VOTO | P46: GIUDIZIO (Argo) | Q46: I1 | R46: I2 | S46: I3 | T46: I4 | U46: VOTO | V46: GIUDIZIO (Argo) | W46: I1 | X46: I2 | Y46: I3 | Z46: I4 | AA46: VOTO | AB46: GIUDIZIO (Argo)
A47: 1 | B47: =IFERROR(INDEX(Alunni!$C$1:$C$1000,MATCH($A47,Alunni!$A$1:$A$1000,0))&"","") -> Rossi Mario (esempio) | E47: 8 | F47: 9 | G47: 8 | H47: 8 | I47: =IF(COUNT(E47:H47)=0,"",ROUND(AVERAGE(E47:H47),0)) -> 8 | J47: =IF(I47="","",LOOKUP(I47,Impostazioni!$E$4:$E$9,Impostazioni!$F$4:$F$9)) -> Buono | K47: 8 | L47: 8 | M47: 9 | N47: 8 | O47: =IF(COUNT(K47:N47)=0,"",ROUND(AVERAGE(K47:N47),0)) -> 8 | P47: =IF(O47="","",LOOKUP(O47,Impostazioni!$E$4:$E$9,Impostazioni!$F$4:$F$9)) -> Buono | U47: =IF(COUNT(Q47:T47)=0,"",ROUND(AVERAGE(Q47:T47),0)) | V47: =IF(U47="","",LOOKUP(U47,Impostazioni!$E$4:$E$9,Impostazioni!$F$4:$F$9)) | AA47: =IF(COUNT(W47:Z47)=0,"",ROUND(AVERAGE(W47:Z47),0)) | AB47: =IF(AA47="","",LOOKUP(AA47,Impostazioni!$E$4:$E$9,Impostazioni!$F$4:$F$9))
A48: 2 | B48: =IFERROR(INDEX(Alunni!$C$1:$C$1000,MATCH($A48,Alunni!$A$1:$A$1000,0))&"","") -> Bianchi Anna (esempio) | E48: 9 | F48: 9 | G48: 9 | H48: 8 | I48: =IF(COUNT(E48:H48)=0,"",ROUND(AVERAGE(E48:H48),0)) -> 9 | J48: =IF(I48="","",LOOKUP(I48,Impostazioni!$E$4:$E$9,Impostazioni!$F$4:$F$9)) -> Distinto | K48: 8 | L48: 8 | M48: 8 | N48: 8 | O48: =IF(COUNT(K48:N48)=0,"",ROUND(AVERAGE(K48:N48),0)) -> 8 | P48: =IF(O48="","",LOOKUP(O48,Impostazioni!$E$4:$E$9,Impostazioni!$F$4:$F$9)) -> Buono | U48: =IF(COUNT(Q48:T48)=0,"",ROUND(AVERAGE(Q48:T48),0)) | V48: =IF(U48="","",LOOKUP(U48,Impostazioni!$E$4:$E$9,Impostazioni!$F$4:$F$9)) | AA48: =IF(COUNT(W48:Z48)=0,"",ROUND(AVERAGE(W48:Z48),0)) | AB48: =IF(AA48="","",LOOKUP(AA48,Impostazioni!$E$4:$E$9,Impostazioni!$F$4:$F$9))
A49: 3 | B49: =IFERROR(INDEX(Alunni!$C$1:$C$1000,MATCH($A49,Alunni!$A$1:$A$1000,0))&"","") -> Verdi Luca (esempio) | I49: =IF(COUNT(E49:H49)=0,"",ROUND(AVERAGE(E49:H49),0)) | J49: =IF(I49="","",LOOKUP(I49,Impostazioni!$E$4:$E$9,Impostazioni!$F$4:$F$9)) | O49: =IF(COUNT(K49:N49)=0,"",ROUND(AVERAGE(K49:N49),0)) | P49: =IF(O49="","",LOOKUP(O49,Impostazioni!$E$4:$E$9,Impostazioni!$F$4:$F$9)) | U49: =IF(COUNT(Q49:T49)=0,"",ROUND(AVERAGE(Q49:T49),0)) | V49: =IF(U49="","",LOOKUP(U49,Impostazioni!$E$4:$E$9,Impostazioni!$F$4:$F$9)) | AA49: =IF(COUNT(W49:Z49)=0,"",ROUND(AVERAGE(W49:Z49),0)) | AB49: =IF(AA49="","",LOOKUP(AA49,Impostazioni!$E$4:$E$9,Impostazioni!$F$4:$F$9))
A50: 4 | B50: =IFERROR(INDEX(Alunni!$C$1:$C$1000,MATCH($A50,Alunni!$A$1:$A$1000,0))&"","") | I50: =IF(COUNT(E50:H50)=0,"",ROUND(AVERAGE(E50:H50),0)) | J50: =IF(I50="","",LOOKUP(I50,Impostazioni!$E$4:$E$9,Impostazioni!$F$4:$F$9)) | O50: =IF(COUNT(K50:N50)=0,"",ROUND(AVERAGE(K50:N50),0)) | P50: =IF(O50="","",LOOKUP(O50,Impostazioni!$E$4:$E$9,Impostazioni!$F$4:$F$9)) | U50: =IF(COUNT(Q50:T50)=0,"",ROUND(AVERAGE(Q50:T50),0)) | V50: =IF(U50="","",LOOKUP(U50,Impostazioni!$E$4:$E$9,Impostazioni!$F$4:$F$9)) | AA50: =IF(COUNT(W50:Z50)=0,"",ROUND(AVERAGE(W50:Z50),0)) | AB50: =IF(AA50="","",LOOKUP(AA50,Impostazioni!$E$4:$E$9,Impostazioni!$F$4:$F$9))
A51: 5 | B51: =IFERROR(INDEX(Alunni!$C$1:$C$1000,MATCH($A51,Alunni!$A$1:$A$1000,0))&"","") | I51: =IF(COUNT(E51:H51)=0,"",ROUND(AVERAGE(E51:H51),0)) | J51: =IF(I51="","",LOOKUP(I51,Impostazioni!$E$4:$E$9,Impostazioni!$F$4:$F$9)) | O51: =IF(COUNT(K51:N51)=0,"",ROUND(AVERAGE(K51:N51),0)) | P51: =IF(O51="","",LOOKUP(O51,Impostazioni!$E$4:$E$9,Impostazioni!$F$4:$F$9)) | U51: =IF(COUNT(Q51:T51)=0,"",ROUND(AVERAGE(Q51:T51),0)) | V51: =IF(U51="","",LOOKUP(U51,Impostazioni!$E$4:$E$9,Impostazioni!$F$4:$F$9)) | AA51: =IF(COUNT(W51:Z51)=0,"",ROUND(AVERAGE(W51:Z51),0)) | AB51: =IF(AA51="","",LOOKUP(AA51,Impostazioni!$E$4:$E$9,Impostazioni!$F$4:$F$9))
A52: 6 | B52: =IFERROR(INDEX(Alunni!$C$1:$C$1000,MATCH($A52,Alunni!$A$1:$A$1000,0))&"","") | I52: =IF(COUNT(E52:H52)=0,"",ROUND(AVERAGE(E52:H52),0)) | J52: =IF(I52="","",LOOKUP(I52,Impostazioni!$E$4:$E$9,Impostazioni!$F$4:$F$9)) | O52: =IF(COUNT(K52:N52)=0,"",ROUND(AVERAGE(K52:N52),0)) | P52: =IF(O52="","",LOOKUP(O52,Impostazioni!$E$4:$E$9,Impostazioni!$F$4:$F$9)) | U52: =IF(COUNT(Q52:T52)=0,"",ROUND(AVERAGE(Q52:T52),0)) | V52: =IF(U52="","",LOOKUP(U52,Impostazioni!$E$4:$E$9,Impostazioni!$F$4:$F$9)) | AA52: =IF(COUNT(W52:Z52)=0,"",ROUND(AVERAGE(W52:Z52),0)) | AB52: =IF(AA52="","",LOOKUP(AA52,Impostazioni!$E$4:$E$9,Impostazioni!$F$4:$F$9))
A53: 7 | B53: =IFERROR(INDEX(Alunni!$C$1:$C$1000,MATCH($A53,Alunni!$A$1:$A$1000,0))&"","") | I53: =IF(COUNT(E53:H53)=0,"",ROUND(AVERAGE(E53:H53),0)) | J53: =IF(I53="","",LOOKUP(I53,Impostazioni!$E$4:$E$9,Impostazioni!$F$4:$F$9)) | O53: =IF(COUNT(K53:N53)=0,"",ROUND(AVERAGE(K53:N53),0)) | P53: =IF(O53="","",LOOKUP(O53,Impostazioni!$E$4:$E$9,Impostazioni!$F$4:$F$9)) | U53: =IF(COUNT(Q53:T53)=0,"",ROUND(AVERAGE(Q53:T53),0)) | V53: =IF(U53="","",LOOKUP(U53,Impostazioni!$E$4:$E$9,Impostazioni!$F$4:$F$9)) | AA53: =IF(COUNT(W53:Z53)=0,"",ROUND(AVERAGE(W53:Z53),0)) | AB53: =IF(AA53="","",LOOKUP(AA53,Impostazioni!$E$4:$E$9,Impostazioni!$F$4:$F$9))
A54: 8 | B54: =IFERROR(INDEX(Alunni!$C$1:$C$1000,MATCH($A54,Alunni!$A$1:$A$1000,0))&"","") | I54: =IF(COUNT(E54:H54)=0,"",ROUND(AVERAGE(E54:H54),0)) | J54: =IF(I54="","",LOOKUP(I54,Impostazioni!$E$4:$E$9,Impostazioni!$F$4:$F$9)) | O54: =IF(COUNT(K54:N54)=0,"",ROUND(AVERAGE(K54:N54),0)) | P54: =IF(O54="","",LOOKUP(O54,Impostazioni!$E$4:$E$9,Impostazioni!$F$4:$F$9)) | U54: =IF(COUNT(Q54:T54)=0,"",ROUND(AVERAGE(Q54:T54),0)) | V54: =IF(U54="","",LOOKUP(U54,Impostazioni!$E$4:$E$9,Impostazioni!$F$4:$F$9)) | AA54: =IF(COUNT(W54:Z54)=0,"",ROUND(AVERAGE(W54:Z54),0)) | AB54: =IF(AA54="","",LOOKUP(AA54,Impostazioni!$E$4:$E$9,Impostazioni!$F$4:$F$9))
A55: 9 | B55: =IFERROR(INDEX(Alunni!$C$1:$C$1000,MATCH($A55,Alunni!$A$1:$A$1000,0))&"","") | I55: =IF(COUNT(E55:H55)=0,"",ROUND(AVERAGE(E55:H55),0)) | J55: =IF(I55="","",LOOKUP(I55,Impostazioni!$E$4:$E$9,Impostazioni!$F$4:$F$9)) | O55: =IF(COUNT(K55:N55)=0,"",ROUND(AVERAGE(K55:N55),0)) | P55: =IF(O55="","",LOOKUP(O55,Impostazioni!$E$4:$E$9,Impostazioni!$F$4:$F$9)) | U55: =IF(COUNT(Q55:T55)=0,"",ROUND(AVERAGE(Q55:T55),0)) | V55: =IF(U55="","",LOOKUP(U55,Impostazioni!$E$4:$E$9,Impostazioni!$F$4:$F$9)) | AA55: =IF(COUNT(W55:Z55)=0,"",ROUND(AVERAGE(W55:Z55),0)) | AB55: =IF(AA55="","",LOOKUP(AA55,Impostazioni!$E$4:$E$9,Impostazioni!$F$4:$F$9))
A56: 10 | B56: =IFERROR(INDEX(Alunni!$C$1:$C$1000,MATCH($A56,Alunni!$A$1:$A$1000,0))&"","") | I56: =IF(COUNT(E56:H56)=0,"",ROUND(AVERAGE(E56:H56),0)) | J56: =IF(I56="","",LOOKUP(I56,Impostazioni!$E$4:$E$9,Impostazioni!$F$4:$F$9)) | O56: =IF(COUNT(K56:N56)=0,"",ROUND(AVERAGE(K56:N56),0)) | P56: =IF(O56="","",LOOKUP(O56,Impostazioni!$E$4:$E$9,Impostazioni!$F$4:$F$9)) | U56: =IF(COUNT(Q56:T56)=0,"",ROUND(AVERAGE(Q56:T56),0)) | V56: =IF(U56="","",LOOKUP(U56,Impostazioni!$E$4:$E$9,Impostazioni!$F$4:$F$9)) | AA56: =IF(COUNT(W56:Z56)=0,"",ROUND(AVERAGE(W56:Z56),0)) | AB56: =IF(AA56="","",LOOKUP(AA56,Impostazioni!$E$4:$E$9,Impostazioni!$F$4:$F$9))
A57: 11 | B57: =IFERROR(INDEX(Alunni!$C$1:$C$1000,MATCH($A57,Alunni!$A$1:$A$1000,0))&"","") | I57: =IF(COUNT(E57:H57)=0,"",ROUND(AVERAGE(E57:H57),0)) | J57: =IF(I57="","",LOOKUP(I57,Impostazioni!$E$4:$E$9,Impostazioni!$F$4:$F$9)) | O57: =IF(COUNT(K57:N57)=0,"",ROUND(AVERAGE(K57:N57),0)) | P57: =IF(O57="","",LOOKUP(O57,Impostazioni!$E$4:$E$9,Impostazioni!$F$4:$F$9)) | U57: =IF(COUNT(Q57:T57)=0,"",ROUND(AVERAGE(Q57:T57),0)) | V57: =IF(U57="","",LOOKUP(U57,Impostazioni!$E$4:$E$9,Impostazioni!$F$4:$F$9)) | AA57: =IF(COUNT(W57:Z57)=0,"",ROUND(AVERAGE(W57:Z57),0)) | AB57: =IF(AA57="","",LOOKUP(AA57,Impostazioni!$E$4:$E$9,Impostazioni!$F$4:$F$9))
A58: 12 | B58: =IFERROR(INDEX(Alunni!$C$1:$C$1000,MATCH($A58,Alunni!$A$1:$A$1000,0))&"","") | I58: =IF(COUNT(E58:H58)=0,"",ROUND(AVERAGE(E58:H58),0)) | J58: =IF(I58="","",LOOKUP(I58,Impostazioni!$E$4:$E$9,Impostazioni!$F$4:$F$9)) | O58: =IF(COUNT(K58:N58)=0,"",ROUND(AVERAGE(K58:N58),0)) | P58: =IF(O58="","",LOOKUP(O58,Impostazioni!$E$4:$E$9,Impostazioni!$F$4:$F$9)) | U58: =IF(COUNT(Q58:T58)=0,"",ROUND(AVERAGE(Q58:T58),0)) | V58: =IF(U58="","",LOOKUP(U58,Impostazioni!$E$4:$E$9,Impostazioni!$F$4:$F$9)) | AA58: =IF(COUNT(W58:Z58)=0,"",ROUND(AVERAGE(W58:Z58),0)) | AB58: =IF(AA58="","",LOOKUP(AA58,Impostazioni!$E$4:$E$9,Impostazioni!$F$4:$F$9))
A59: 13 | B59: =IFERROR(INDEX(Alunni!$C$1:$C$1000,MATCH($A59,Alunni!$A$1:$A$1000,0))&"","") | I59: =IF(COUNT(E59:H59)=0,"",ROUND(AVERAGE(E59:H59),0)) | J59: =IF(I59="","",LOOKUP(I59,Impostazioni!$E$4:$E$9,Impostazioni!$F$4:$F$9)) | O59: =IF(COUNT(K59:N59)=0,"",ROUND(AVERAGE(K59:N59),0)) | P59: =IF(O59="","",LOOKUP(O59,Impostazioni!$E$4:$E$9,Impostazioni!$F$4:$F$9)) | U59: =IF(COUNT(Q59:T59)=0,"",ROUND(AVERAGE(Q59:T59),0)) | V59: =IF(U59="","",LOOKUP(U59,Impostazioni!$E$4:$E$9,Impostazioni!$F$4:$F$9)) | AA59: =IF(COUNT(W59:Z59)=0,"",ROUND(AVERAGE(W59:Z59),0)) | AB59: =IF(AA59="","",LOOKUP(AA59,Impostazioni!$E$4:$E$9,Impostazioni!$F$4:$F$9))
A60: 14 | B60: =IFERROR(INDEX(Alunni!$C$1:$C$1000,MATCH($A60,Alunni!$A$1:$A$1000,0))&"","") | I60: =IF(COUNT(E60:H60)=0,"",ROUND(AVERAGE(E60:H60),0)) | J60: =IF(I60="","",LOOKUP(I60,Impostazioni!$E$4:$E$9,Impostazioni!$F$4:$F$9)) | O60: =IF(COUNT(K60:N60)=0,"",ROUND(AVERAGE(K60:N60),0)) | P60: =IF(O60="","",LOOKUP(O60,Impostazioni!$E$4:$E$9,Impostazioni!$F$4:$F$9)) | U60: =IF(COUNT(Q60:T60)=0,"",ROUND(AVERAGE(Q60:T60),0)) | V60: =IF(U60="","",LOOKUP(U60,Impostazioni!$E$4:$E$9,Impostazioni!$F$4:$F$9)) | AA60: =IF(COUNT(W60:Z60)=0,"",ROUND(AVERAGE(W60:Z60),0)) | AB60: =IF(AA60="","",LOOKUP(AA60,Impostazioni!$E$4:$E$9,Impostazioni!$F$4:$F$9))
... A76: 30 | B76: =IFERROR(INDEX(Alunni!$C$1:$C$1000,MATCH($A76,Alunni!$A$1:$A$1000,0))&"","") | I76: =IF(COUNT(E76:H76)=0,"",ROUND(AVERAGE(E76:H76),0)) | J76: =IF(I76="","",LOOKUP(I76,Impostazioni!$E$4:$E$9,Impostazioni!$F$4:$F$9)) | O76: =IF(COUNT(K76:N76)=0,"",ROUND(AVERAGE(K76:N76),0)) | P76: =IF(O76="","",LOOKUP(O76,Impostazioni!$E$4:$E$9,Impostazioni!$F$4:$F$9)) | U76: =IF(COUNT(Q76:T76)=0,"",ROUND(AVERAGE(Q76:T76),0)) | V76: =IF(U76="","",LOOKUP(U76,Impostazioni!$E$4:$E$9,Impostazioni!$F$4:$F$9)) | AA76: =IF(COUNT(W76:Z76)=0,"",ROUND(AVERAGE(W76:Z76),0)) | AB76: =IF(AA76="","",LOOKUP(AA76,Impostazioni!$E$4:$E$9,Impostazioni!$F$4:$F$9))
A78: =Calendario!B9&" · "&IF(Calendario!G9="","(descrizione da Calendario)",Calendario!G9)&" · "&IF(Calendario!E9="","data da fissare",CHOOSE(WEEKDAY(Calendario!E9,2),"lunedì","martedì","mercoledì","giovedì","venerdì","sabato","domenica")&" "&TEXT(DAY(Calendario!E9),"00")&"/"&TEXT(MONTH(Calendario!E9),"00")&"/"&YEAR(Calendario!E9)) -> Q1-G03 · P02 · Circuito Super Gym d'istituto · lunedì 02/11/2026
A79: Sotto-obiettivo | E79: =IF(Calendario!$H$9="","— libero —",Calendario!$H$9&" "&IFERROR(VLOOKUP(Calendario!$H$9,Impostazioni!$A$25:$J$36,3,FALSE()),"")) -> 1.1 Traiettorie, ritmi, organizzazione | K79: =IF(Calendario!$I$9="","— libero —",Calendario!$I$9&" "&IFERROR(VLOOKUP(Calendario!$I$9,Impostazioni!$A$25:$J$36,3,FALSE()),"")) -> TEC.1 Attrezzi: istruzioni e sicurezza | Q79: =IF(Calendario!$J$9="","— libero —",Calendario!$J$9&" "&IFERROR(VLOOKUP(Calendario!$J$9,Impostazioni!$A$25:$J$36,3,FALSE()),"")) -> — libero — | W79: =IF(Calendario!$K$9="","— libero —",Calendario!$K$9&" "&IFERROR(VLOOKUP(Calendario!$K$9,Impostazioni!$A$25:$J$36,3,FALSE()),"")) -> — libero —
A80: Concorre a | E80: =IF(Calendario!$H$9="","","Ob. "&IFERROR(VLOOKUP(Calendario!$H$9,Impostazioni!$A$25:$J$36,5,FALSE()),"?")&" · peso "&IF(Calendario!$F$9=2,Impostazioni!$B$11,Impostazioni!$B$10)) -> Ob. A · peso 1 | K80: =IF(Calendario!$I$9="","","Ob. "&IFERROR(VLOOKUP(Calendario!$I$9,Impostazioni!$A$25:$J$36,5,FALSE()),"?")&" · peso "&IF(Calendario!$F$9=2,Impostazioni!$B$11,Impostazioni!$B$10)) -> Ob. TEC · peso 1 | Q80: =IF(Calendario!$J$9="","","Ob. "&IFERROR(VLOOKUP(Calendario!$J$9,Impostazioni!$A$25:$J$36,5,FALSE()),"?")&" · peso "&IF(Calendario!$F$9=2,Impostazioni!$B$11,Impostazioni!$B$10)) | W80: =IF(Calendario!$K$9="","","Ob. "&IFERROR(VLOOKUP(Calendario!$K$9,Impostazioni!$A$25:$J$36,5,FALSE()),"?")&" · peso "&IF(Calendario!$F$9=2,Impostazioni!$B$11,Impostazioni!$B$10))
A81: Indicatori (tocca → rubrica) | E81: =IF(Calendario!$H$9="","",IFERROR(HYPERLINK("#Rubriche!C"&(MATCH(Calendario!$H$9,Rubriche!$A$1:$A$1000,0)+0),VLOOKUP(Calendario!$H$9,Impostazioni!$A$25:$J$36,7,FALSE())),"")) -> Traiettorie | F81: =IF(Calendario!$H$9="","",IFERROR(HYPERLINK("#Rubriche!C"&(MATCH(Calendario!$H$9,Rubriche!$A$1:$A$1000,0)+1),VLOOKUP(Calendario!$H$9,Impostazioni!$A$25:$J$36,8,FALSE())),"")) -> Distanze e velocità | G81: =IF(Calendario!$H$9="","",IFERROR(HYPERLINK("#Rubriche!C"&(MATCH(Calendario!$H$9,Rubriche!$A$1:$A$1000,0)+2),VLOOKUP(Calendario!$H$9,Impostazioni!$A$25:$J$36,9,FALSE())),"")) -> Ritmi esecutivi | H81: =IF(Calendario!$H$9="","",IFERROR(HYPERLINK("#Rubriche!C"&(MATCH(Calendario!$H$9,Rubriche!$A$1:$A$1000,0)+3),VLOOKUP(Calendario!$H$9,Impostazioni!$A$25:$J$36,10,FALSE())),"")) -> Organizzazione con gli altri | K81: =IF(Calendario!$I$9="","",IFERROR(HYPERLINK("#Rubriche!C"&(MATCH(Calendario!$I$9,Rubriche!$A$1:$A$1000,0)+0),VLOOKUP(Calendario!$I$9,Impostazioni!$A$25:$J$36,7,FALSE())),"")) -> Lettura delle istruzioni | L81: =IF(Calendario!$I$9="","",IFERROR(HYPERLINK("#Rubriche!C"&(MATCH(Calendario!$I$9,Rubriche!$A$1:$A$1000,0)+1),VLOOKUP(Calendario!$I$9,Impostazioni!$A$25:$J$36,8,FALSE())),"")) -> Allestimento | M81: =IF(Calendario!$I$9="","",IFERROR(HYPERLINK("#Rubriche!C"&(MATCH(Calendario!$I$9,Rubriche!$A$1:$A$1000,0)+2),VLOOKUP(Calendario!$I$9,Impostazioni!$A$25:$J$36,9,FALSE())),"")) -> Uso sicuro | N81: =IF(Calendario!$I$9="","",IFERROR(HYPERLINK("#Rubriche!C"&(MATCH(Calendario!$I$9,Rubriche!$A$1:$A$1000,0)+3),VLOOKUP(Calendario!$I$9,Impostazioni!$A$25:$J$36,10,FALSE())),"")) -> Riordino e cura | Q81: =IF(Calendario!$J$9="","",IFERROR(HYPERLINK("#Rubriche!C"&(MATCH(Calendario!$J$9,Rubriche!$A$1:$A$1000,0)+0),VLOOKUP(Calendario!$J$9,Impostazioni!$A$25:$J$36,7,FALSE())),"")) | R81: =IF(Calendario!$J$9="","",IFERROR(HYPERLINK("#Rubriche!C"&(MATCH(Calendario!$J$9,Rubriche!$A$1:$A$1000,0)+1),VLOOKUP(Calendario!$J$9,Impostazioni!$A$25:$J$36,8,FALSE())),"")) | S81: =IF(Calendario!$J$9="","",IFERROR(HYPERLINK("#Rubriche!C"&(MATCH(Calendario!$J$9,Rubriche!$A$1:$A$1000,0)+2),VLOOKUP(Calendario!$J$9,Impostazioni!$A$25:$J$36,9,FALSE())),"")) | T81: =IF(Calendario!$J$9="","",IFERROR(HYPERLINK("#Rubriche!C"&(MATCH(Calendario!$J$9,Rubriche!$A$1:$A$1000,0)+3),VLOOKUP(Calendario!$J$9,Impostazioni!$A$25:$J$36,10,FALSE())),"")) | W81: =IF(Calendario!$K$9="","",IFERROR(HYPERLINK("#Rubriche!C"&(MATCH(Calendario!$K$9,Rubriche!$A$1:$A$1000,0)+0),VLOOKUP(Calendario!$K$9,Impostazioni!$A$25:$J$36,7,FALSE())),"")) | X81: =IF(Calendario!$K$9="","",IFERROR(HYPERLINK("#Rubriche!C"&(MATCH(Calendario!$K$9,Rubriche!$A$1:$A$1000,0)+1),VLOOKUP(Calendario!$K$9,Impostazioni!$A$25:$J$36,8,FALSE())),"")) | Y81: =IF(Calendario!$K$9="","",IFERROR(HYPERLINK("#Rubriche!C"&(MATCH(Calendario!$K$9,Rubriche!$A$1:$A$1000,0)+2),VLOOKUP(Calendario!$K$9,Impostazioni!$A$25:$J$36,9,FALSE())),"")) | Z81: =IF(Calendario!$K$9="","",IFERROR(HYPERLINK("#Rubriche!C"&(MATCH(Calendario!$K$9,Rubriche!$A$1:$A$1000,0)+3),VLOOKUP(Calendario!$K$9,Impostazioni!$A$25:$J$36,10,FALSE())),""))
A82: N° | B82: Alunno | C82: Stato | D82: Recuperata il | E82: I1 | F82: I2 | G82: I3 | H82: I4 | I82: VOTO | J82: GIUDIZIO (Argo) | K82: I1 | L82: I2 | M82: I3 | N82: I4 | O82: VOTO | P82: GIUDIZIO (Argo) | Q82: I1 | R82: I2 | S82: I3 | T82: I4 | U82: VOTO | V82: GIUDIZIO (Argo) | W82: I1 | X82: I2 | Y82: I3 | Z82: I4 | AA82: VOTO | AB82: GIUDIZIO (Argo)
A83: 1 | B83: =IFERROR(INDEX(Alunni!$C$1:$C$1000,MATCH($A83,Alunni!$A$1:$A$1000,0))&"","") -> Rossi Mario (esempio) | E83: 8 | F83: 7 | G83: 8 | H83: 7 | I83: =IF(COUNT(E83:H83)=0,"",ROUND(AVERAGE(E83:H83),0)) -> 8 | J83: =IF(I83="","",LOOKUP(I83,Impostazioni!$E$4:$E$9,Impostazioni!$F$4:$F$9)) -> Buono | K83: 7 | L83: 7 | M83: 8 | N83: 7 | O83: =IF(COUNT(K83:N83)=0,"",ROUND(AVERAGE(K83:N83),0)) -> 7 | P83: =IF(O83="","",LOOKUP(O83,Impostazioni!$E$4:$E$9,Impostazioni!$F$4:$F$9)) -> Discreto | Q83: 9 | R83: 9 | S83: 8 | T83: 9 | U83: =IF(COUNT(Q83:T83)=0,"",ROUND(AVERAGE(Q83:T83),0)) -> 9 | V83: =IF(U83="","",LOOKUP(U83,Impostazioni!$E$4:$E$9,Impostazioni!$F$4:$F$9)) -> Distinto | AA83: =IF(COUNT(W83:Z83)=0,"",ROUND(AVERAGE(W83:Z83),0)) | AB83: =IF(AA83="","",LOOKUP(AA83,Impostazioni!$E$4:$E$9,Impostazioni!$F$4:$F$9))
A84: 2 | B84: =IFERROR(INDEX(Alunni!$C$1:$C$1000,MATCH($A84,Alunni!$A$1:$A$1000,0))&"","") -> Bianchi Anna (esempio) | C84: AS | I84: =IF(COUNT(E84:H84)=0,"",ROUND(AVERAGE(E84:H84),0)) | J84: =IF(I84="","",LOOKUP(I84,Impostazioni!$E$4:$E$9,Impostazioni!$F$4:$F$9)) | O84: =IF(COUNT(K84:N84)=0,"",ROUND(AVERAGE(K84:N84),0)) | P84: =IF(O84="","",LOOKUP(O84,Impostazioni!$E$4:$E$9,Impostazioni!$F$4:$F$9)) | U84: =IF(COUNT(Q84:T84)=0,"",ROUND(AVERAGE(Q84:T84),0)) | V84: =IF(U84="","",LOOKUP(U84,Impostazioni!$E$4:$E$9,Impostazioni!$F$4:$F$9)) | AA84: =IF(COUNT(W84:Z84)=0,"",ROUND(AVERAGE(W84:Z84),0)) | AB84: =IF(AA84="","",LOOKUP(AA84,Impostazioni!$E$4:$E$9,Impostazioni!$F$4:$F$9))
A85: 3 | B85: =IFERROR(INDEX(Alunni!$C$1:$C$1000,MATCH($A85,Alunni!$A$1:$A$1000,0))&"","") -> Verdi Luca (esempio) | I85: =IF(COUNT(E85:H85)=0,"",ROUND(AVERAGE(E85:H85),0)) | J85: =IF(I85="","",LOOKUP(I85,Impostazioni!$E$4:$E$9,Impostazioni!$F$4:$F$9)) | O85: =IF(COUNT(K85:N85)=0,"",ROUND(AVERAGE(K85:N85),0)) | P85: =IF(O85="","",LOOKUP(O85,Impostazioni!$E$4:$E$9,Impostazioni!$F$4:$F$9)) | U85: =IF(COUNT(Q85:T85)=0,"",ROUND(AVERAGE(Q85:T85),0)) | V85: =IF(U85="","",LOOKUP(U85,Impostazioni!$E$4:$E$9,Impostazioni!$F$4:$F$9)) | AA85: =IF(COUNT(W85:Z85)=0,"",ROUND(AVERAGE(W85:Z85),0)) | AB85: =IF(AA85="","",LOOKUP(AA85,Impostazioni!$E$4:$E$9,Impostazioni!$F$4:$F$9))
A86: 4 | B86: =IFERROR(INDEX(Alunni!$C$1:$C$1000,MATCH($A86,Alunni!$A$1:$A$1000,0))&"","") | I86: =IF(COUNT(E86:H86)=0,"",ROUND(AVERAGE(E86:H86),0)) | J86: =IF(I86="","",LOOKUP(I86,Impostazioni!$E$4:$E$9,Impostazioni!$F$4:$F$9)) | O86: =IF(COUNT(K86:N86)=0,"",ROUND(AVERAGE(K86:N86),0)) | P86: =IF(O86="","",LOOKUP(O86,Impostazioni!$E$4:$E$9,Impostazioni!$F$4:$F$9)) | U86: =IF(COUNT(Q86:T86)=0,"",ROUND(AVERAGE(Q86:T86),0)) | V86: =IF(U86="","",LOOKUP(U86,Impostazioni!$E$4:$E$9,Impostazioni!$F$4:$F$9)) | AA86: =IF(COUNT(W86:Z86)=0,"",ROUND(AVERAGE(W86:Z86),0)) | AB86: =IF(AA86="","",LOOKUP(AA86,Impostazioni!$E$4:$E$9,Impostazioni!$F$4:$F$9))
A87: 5 | B87: =IFERROR(INDEX(Alunni!$C$1:$C$1000,MATCH($A87,Alunni!$A$1:$A$1000,0))&"","") | I87: =IF(COUNT(E87:H87)=0,"",ROUND(AVERAGE(E87:H87),0)) | J87: =IF(I87="","",LOOKUP(I87,Impostazioni!$E$4:$E$9,Impostazioni!$F$4:$F$9)) | O87: =IF(COUNT(K87:N87)=0,"",ROUND(AVERAGE(K87:N87),0)) | P87: =IF(O87="","",LOOKUP(O87,Impostazioni!$E$4:$E$9,Impostazioni!$F$4:$F$9)) | U87: =IF(COUNT(Q87:T87)=0,"",ROUND(AVERAGE(Q87:T87),0)) | V87: =IF(U87="","",LOOKUP(U87,Impostazioni!$E$4:$E$9,Impostazioni!$F$4:$F$9)) | AA87: =IF(COUNT(W87:Z87)=0,"",ROUND(AVERAGE(W87:Z87),0)) | AB87: =IF(AA87="","",LOOKUP(AA87,Impostazioni!$E$4:$E$9,Impostazioni!$F$4:$F$9))
A88: 6 | B88: =IFERROR(INDEX(Alunni!$C$1:$C$1000,MATCH($A88,Alunni!$A$1:$A$1000,0))&"","") | I88: =IF(COUNT(E88:H88)=0,"",ROUND(AVERAGE(E88:H88),0)) | J88: =IF(I88="","",LOOKUP(I88,Impostazioni!$E$4:$E$9,Impostazioni!$F$4:$F$9)) | O88: =IF(COUNT(K88:N88)=0,"",ROUND(AVERAGE(K88:N88),0)) | P88: =IF(O88="","",LOOKUP(O88,Impostazioni!$E$4:$E$9,Impostazioni!$F$4:$F$9)) | U88: =IF(COUNT(Q88:T88)=0,"",ROUND(AVERAGE(Q88:T88),0)) | V88: =IF(U88="","",LOOKUP(U88,Impostazioni!$E$4:$E$9,Impostazioni!$F$4:$F$9)) | AA88: =IF(COUNT(W88:Z88)=0,"",ROUND(AVERAGE(W88:Z88),0)) | AB88: =IF(AA88="","",LOOKUP(AA88,Impostazioni!$E$4:$E$9,Impostazioni!$F$4:$F$9))
A89: 7 | B89: =IFERROR(INDEX(Alunni!$C$1:$C$1000,MATCH($A89,Alunni!$A$1:$A$1000,0))&"","") | I89: =IF(COUNT(E89:H89)=0,"",ROUND(AVERAGE(E89:H89),0)) | J89: =IF(I89="","",LOOKUP(I89,Impostazioni!$E$4:$E$9,Impostazioni!$F$4:$F$9)) | O89: =IF(COUNT(K89:N89)=0,"",ROUND(AVERAGE(K89:N89),0)) | P89: =IF(O89="","",LOOKUP(O89,Impostazioni!$E$4:$E$9,Impostazioni!$F$4:$F$9)) | U89: =IF(COUNT(Q89:T89)=0,"",ROUND(AVERAGE(Q89:T89),0)) | V89: =IF(U89="","",LOOKUP(U89,Impostazioni!$E$4:$E$9,Impostazioni!$F$4:$F$9)) | AA89: =IF(COUNT(W89:Z89)=0,"",ROUND(AVERAGE(W89:Z89),0)) | AB89: =IF(AA89="","",LOOKUP(AA89,Impostazioni!$E$4:$E$9,Impostazioni!$F$4:$F$9))
A90: 8 | B90: =IFERROR(INDEX(Alunni!$C$1:$C$1000,MATCH($A90,Alunni!$A$1:$A$1000,0))&"","") | I90: =IF(COUNT(E90:H90)=0,"",ROUND(AVERAGE(E90:H90),0)) | J90: =IF(I90="","",LOOKUP(I90,Impostazioni!$E$4:$E$9,Impostazioni!$F$4:$F$9)) | O90: =IF(COUNT(K90:N90)=0,"",ROUND(AVERAGE(K90:N90),0)) | P90: =IF(O90="","",LOOKUP(O90,Impostazioni!$E$4:$E$9,Impostazioni!$F$4:$F$9)) | U90: =IF(COUNT(Q90:T90)=0,"",ROUND(AVERAGE(Q90:T90),0)) | V90: =IF(U90="","",LOOKUP(U90,Impostazioni!$E$4:$E$9,Impostazioni!$F$4:$F$9)) | AA90: =IF(COUNT(W90:Z90)=0,"",ROUND(AVERAGE(W90:Z90),0)) | AB90: =IF(AA90="","",LOOKUP(AA90,Impostazioni!$E$4:$E$9,Impostazioni!$F$4:$F$9))
A91: 9 | B91: =IFERROR(INDEX(Alunni!$C$1:$C$1000,MATCH($A91,Alunni!$A$1:$A$1000,0))&"","") | I91: =IF(COUNT(E91:H91)=0,"",ROUND(AVERAGE(E91:H91),0)) | J91: =IF(I91="","",LOOKUP(I91,Impostazioni!$E$4:$E$9,Impostazioni!$F$4:$F$9)) | O91: =IF(COUNT(K91:N91)=0,"",ROUND(AVERAGE(K91:N91),0)) | P91: =IF(O91="","",LOOKUP(O91,Impostazioni!$E$4:$E$9,Impostazioni!$F$4:$F$9)) | U91: =IF(COUNT(Q91:T91)=0,"",ROUND(AVERAGE(Q91:T91),0)) | V91: =IF(U91="","",LOOKUP(U91,Impostazioni!$E$4:$E$9,Impostazioni!$F$4:$F$9)) | AA91: =IF(COUNT(W91:Z91)=0,"",ROUND(AVERAGE(W91:Z91),0)) | AB91: =IF(AA91="","",LOOKUP(AA91,Impostazioni!$E$4:$E$9,Impostazioni!$F$4:$F$9))
A92: 10 | B92: =IFERROR(INDEX(Alunni!$C$1:$C$1000,MATCH($A92,Alunni!$A$1:$A$1000,0))&"","") | I92: =IF(COUNT(E92:H92)=0,"",ROUND(AVERAGE(E92:H92),0)) | J92: =IF(I92="","",LOOKUP(I92,Impostazioni!$E$4:$E$9,Impostazioni!$F$4:$F$9)) | O92: =IF(COUNT(K92:N92)=0,"",ROUND(AVERAGE(K92:N92),0)) | P92: =IF(O92="","",LOOKUP(O92,Impostazioni!$E$4:$E$9,Impostazioni!$F$4:$F$9)) | U92: =IF(COUNT(Q92:T92)=0,"",ROUND(AVERAGE(Q92:T92),0)) | V92: =IF(U92="","",LOOKUP(U92,Impostazioni!$E$4:$E$9,Impostazioni!$F$4:$F$9)) | AA92: =IF(COUNT(W92:Z92)=0,"",ROUND(AVERAGE(W92:Z92),0)) | AB92: =IF(AA92="","",LOOKUP(AA92,Impostazioni!$E$4:$E$9,Impostazioni!$F$4:$F$9))
A93: 11 | B93: =IFERROR(INDEX(Alunni!$C$1:$C$1000,MATCH($A93,Alunni!$A$1:$A$1000,0))&"","") | I93: =IF(COUNT(E93:H93)=0,"",ROUND(AVERAGE(E93:H93),0)) | J93: =IF(I93="","",LOOKUP(I93,Impostazioni!$E$4:$E$9,Impostazioni!$F$4:$F$9)) | O93: =IF(COUNT(K93:N93)=0,"",ROUND(AVERAGE(K93:N93),0)) | P93: =IF(O93="","",LOOKUP(O93,Impostazioni!$E$4:$E$9,Impostazioni!$F$4:$F$9)) | U93: =IF(COUNT(Q93:T93)=0,"",ROUND(AVERAGE(Q93:T93),0)) | V93: =IF(U93="","",LOOKUP(U93,Impostazioni!$E$4:$E$9,Impostazioni!$F$4:$F$9)) | AA93: =IF(COUNT(W93:Z93)=0,"",ROUND(AVERAGE(W93:Z93),0)) | AB93: =IF(AA93="","",LOOKUP(AA93,Impostazioni!$E$4:$E$9,Impostazioni!$F$4:$F$9))
A94: 12 | B94: =IFERROR(INDEX(Alunni!$C$1:$C$1000,MATCH($A94,Alunni!$A$1:$A$1000,0))&"","") | I94: =IF(COUNT(E94:H94)=0,"",ROUND(AVERAGE(E94:H94),0)) | J94: =IF(I94="","",LOOKUP(I94,Impostazioni!$E$4:$E$9,Impostazioni!$F$4:$F$9)) | O94: =IF(COUNT(K94:N94)=0,"",ROUND(AVERAGE(K94:N94),0)) | P94: =IF(O94="","",LOOKUP(O94,Impostazioni!$E$4:$E$9,Impostazioni!$F$4:$F$9)) | U94: =IF(COUNT(Q94:T94)=0,"",ROUND(AVERAGE(Q94:T94),0)) | V94: =IF(U94="","",LOOKUP(U94,Impostazioni!$E$4:$E$9,Impostazioni!$F$4:$F$9)) | AA94: =IF(COUNT(W94:Z94)=0,"",ROUND(AVERAGE(W94:Z94),0)) | AB94: =IF(AA94="","",LOOKUP(AA94,Impostazioni!$E$4:$E$9,Impostazioni!$F$4:$F$9))
A95: 13 | B95: =IFERROR(INDEX(Alunni!$C$1:$C$1000,MATCH($A95,Alunni!$A$1:$A$1000,0))&"","") | I95: =IF(COUNT(E95:H95)=0,"",ROUND(AVERAGE(E95:H95),0)) | J95: =IF(I95="","",LOOKUP(I95,Impostazioni!$E$4:$E$9,Impostazioni!$F$4:$F$9)) | O95: =IF(COUNT(K95:N95)=0,"",ROUND(AVERAGE(K95:N95),0)) | P95: =IF(O95="","",LOOKUP(O95,Impostazioni!$E$4:$E$9,Impostazioni!$F$4:$F$9)) | U95: =IF(COUNT(Q95:T95)=0,"",ROUND(AVERAGE(Q95:T95),0)) | V95: =IF(U95="","",LOOKUP(U95,Impostazioni!$E$4:$E$9,Impostazioni!$F$4:$F$9)) | AA95: =IF(COUNT(W95:Z95)=0,"",ROUND(AVERAGE(W95:Z95),0)) | AB95: =IF(AA95="","",LOOKUP(AA95,Impostazioni!$E$4:$E$9,Impostazioni!$F$4:$F$9))
A96: 14 | B96: =IFERROR(INDEX(Alunni!$C$1:$C$1000,MATCH($A96,Alunni!$A$1:$A$1000,0))&"","") | I96: =IF(COUNT(E96:H96)=0,"",ROUND(AVERAGE(E96:H96),0)) | J96: =IF(I96="","",LOOKUP(I96,Impostazioni!$E$4:$E$9,Impostazioni!$F$4:$F$9)) | O96: =IF(COUNT(K96:N96)=0,"",ROUND(AVERAGE(K96:N96),0)) | P96: =IF(O96="","",LOOKUP(O96,Impostazioni!$E$4:$E$9,Impostazioni!$F$4:$F$9)) | U96: =IF(COUNT(Q96:T96)=0,"",ROUND(AVERAGE(Q96:T96),0)) | V96: =IF(U96="","",LOOKUP(U96,Impostazioni!$E$4:$E$9,Impostazioni!$F$4:$F$9)) | AA96: =IF(COUNT(W96:Z96)=0,"",ROUND(AVERAGE(W96:Z96),0)) | AB96: =IF(AA96="","",LOOKUP(AA96,Impostazioni!$E$4:$E$9,Impostazioni!$F$4:$F$9))
... A112: 30 | B112: =IFERROR(INDEX(Alunni!$C$1:$C$1000,MATCH($A112,Alunni!$A$1:$A$1000,0))&"","") | I112: =IF(COUNT(E112:H112)=0,"",ROUND(AVERAGE(E112:H112),0)) | J112: =IF(I112="","",LOOKUP(I112,Impostazioni!$E$4:$E$9,Impostazioni!$F$4:$F$9)) | O112: =IF(COUNT(K112:N112)=0,"",ROUND(AVERAGE(K112:N112),0)) | P112: =IF(O112="","",LOOKUP(O112,Impostazioni!$E$4:$E$9,Impostazioni!$F$4:$F$9)) | U112: =IF(COUNT(Q112:T112)=0,"",ROUND(AVERAGE(Q112:T112),0)) | V112: =IF(U112="","",LOOKUP(U112,Impostazioni!$E$4:$E$9,Impostazioni!$F$4:$F$9)) | AA112: =IF(COUNT(W112:Z112)=0,"",ROUND(AVERAGE(W112:Z112),0)) | AB112: =IF(AA112="","",LOOKUP(AA112,Impostazioni!$E$4:$E$9,Impostazioni!$F$4:$F$9))
A114: =Calendario!B10&" · "&IF(Calendario!G10="","(descrizione da Calendario)",Calendario!G10)&" · "&IF(Calendario!E10="","data da fissare",CHOOSE(WEEKDAY(Calendario!E10,2),"lunedì","martedì","mercoledì","giovedì","venerdì","sabato","domenica")&" "&TEXT(DAY(Calendario!E10),"00")&"/"&TEXT(MONTH(Calendario!E10),"00")&"/"&YEAR(Calendario!E10)) -> Q1-G04 · (descrizione da Calendario) · data da fissare
A115: Sotto-obiettivo | E115: =IF(Calendario!$H$10="","— libero —",Calendario!$H$10&" "&IFERROR(VLOOKUP(Calendario!$H$10,Impostazioni!$A$25:$J$36,3,FALSE()),"")) -> — libero — | K115: =IF(Calendario!$I$10="","— libero —",Calendario!$I$10&" "&IFERROR(VLOOKUP(Calendario!$I$10,Impostazioni!$A$25:$J$36,3,FALSE()),"")) -> — libero — | Q115: =IF(Calendario!$J$10="","— libero —",Calendario!$J$10&" "&IFERROR(VLOOKUP(Calendario!$J$10,Impostazioni!$A$25:$J$36,3,FALSE()),"")) -> — libero — | W115: =IF(Calendario!$K$10="","— libero —",Calendario!$K$10&" "&IFERROR(VLOOKUP(Calendario!$K$10,Impostazioni!$A$25:$J$36,3,FALSE()),"")) -> — libero —
A116: Concorre a | E116: =IF(Calendario!$H$10="","","Ob. "&IFERROR(VLOOKUP(Calendario!$H$10,Impostazioni!$A$25:$J$36,5,FALSE()),"?")&" · peso "&IF(Calendario!$F$10=2,Impostazioni!$B$11,Impostazioni!$B$10)) | K116: =IF(Calendario!$I$10="","","Ob. "&IFERROR(VLOOKUP(Calendario!$I$10,Impostazioni!$A$25:$J$36,5,FALSE()),"?")&" · peso "&IF(Calendario!$F$10=2,Impostazioni!$B$11,Impostazioni!$B$10)) | Q116: =IF(Calendario!$J$10="","","Ob. "&IFERROR(VLOOKUP(Calendario!$J$10,Impostazioni!$A$25:$J$36,5,FALSE()),"?")&" · peso "&IF(Calendario!$F$10=2,Impostazioni!$B$11,Impostazioni!$B$10)) | W116: =IF(Calendario!$K$10="","","Ob. "&IFERROR(VLOOKUP(Calendario!$K$10,Impostazioni!$A$25:$J$36,5,FALSE()),"?")&" · peso "&IF(Calendario!$F$10=2,Impostazioni!$B$11,Impostazioni!$B$10))
A117: Indicatori (tocca → rubrica) | E117: =IF(Calendario!$H$10="","",IFERROR(HYPERLINK("#Rubriche!C"&(MATCH(Calendario!$H$10,Rubriche!$A$1:$A$1000,0)+0),VLOOKUP(Calendario!$H$10,Impostazioni!$A$25:$J$36,7,FALSE())),"")) | F117: =IF(Calendario!$H$10="","",IFERROR(HYPERLINK("#Rubriche!C"&(MATCH(Calendario!$H$10,Rubriche!$A$1:$A$1000,0)+1),VLOOKUP(Calendario!$H$10,Impostazioni!$A$25:$J$36,8,FALSE())),"")) | G117: =IF(Calendario!$H$10="","",IFERROR(HYPERLINK("#Rubriche!C"&(MATCH(Calendario!$H$10,Rubriche!$A$1:$A$1000,0)+2),VLOOKUP(Calendario!$H$10,Impostazioni!$A$25:$J$36,9,FALSE())),"")) | H117: =IF(Calendario!$H$10="","",IFERROR(HYPERLINK("#Rubriche!C"&(MATCH(Calendario!$H$10,Rubriche!$A$1:$A$1000,0)+3),VLOOKUP(Calendario!$H$10,Impostazioni!$A$25:$J$36,10,FALSE())),"")) | K117: =IF(Calendario!$I$10="","",IFERROR(HYPERLINK("#Rubriche!C"&(MATCH(Calendario!$I$10,Rubriche!$A$1:$A$1000,0)+0),VLOOKUP(Calendario!$I$10,Impostazioni!$A$25:$J$36,7,FALSE())),"")) | L117: =IF(Calendario!$I$10="","",IFERROR(HYPERLINK("#Rubriche!C"&(MATCH(Calendario!$I$10,Rubriche!$A$1:$A$1000,0)+1),VLOOKUP(Calendario!$I$10,Impostazioni!$A$25:$J$36,8,FALSE())),"")) | M117: =IF(Calendario!$I$10="","",IFERROR(HYPERLINK("#Rubriche!C"&(MATCH(Calendario!$I$10,Rubriche!$A$1:$A$1000,0)+2),VLOOKUP(Calendario!$I$10,Impostazioni!$A$25:$J$36,9,FALSE())),"")) | N117: =IF(Calendario!$I$10="","",IFERROR(HYPERLINK("#Rubriche!C"&(MATCH(Calendario!$I$10,Rubriche!$A$1:$A$1000,0)+3),VLOOKUP(Calendario!$I$10,Impostazioni!$A$25:$J$36,10,FALSE())),"")) | Q117: =IF(Calendario!$J$10="","",IFERROR(HYPERLINK("#Rubriche!C"&(MATCH(Calendario!$J$10,Rubriche!$A$1:$A$1000,0)+0),VLOOKUP(Calendario!$J$10,Impostazioni!$A$25:$J$36,7,FALSE())),"")) | R117: =IF(Calendario!$J$10="","",IFERROR(HYPERLINK("#Rubriche!C"&(MATCH(Calendario!$J$10,Rubriche!$A$1:$A$1000,0)+1),VLOOKUP(Calendario!$J$10,Impostazioni!$A$25:$J$36,8,FALSE())),"")) | S117: =IF(Calendario!$J$10="","",IFERROR(HYPERLINK("#Rubriche!C"&(MATCH(Calendario!$J$10,Rubriche!$A$1:$A$1000,0)+2),VLOOKUP(Calendario!$J$10,Impostazioni!$A$25:$J$36,9,FALSE())),"")) | T117: =IF(Calendario!$J$10="","",IFERROR(HYPERLINK("#Rubriche!C"&(MATCH(Calendario!$J$10,Rubriche!$A$1:$A$1000,0)+3),VLOOKUP(Calendario!$J$10,Impostazioni!$A$25:$J$36,10,FALSE())),"")) | W117: =IF(Calendario!$K$10="","",IFERROR(HYPERLINK("#Rubriche!C"&(MATCH(Calendario!$K$10,Rubriche!$A$1:$A$1000,0)+0),VLOOKUP(Calendario!$K$10,Impostazioni!$A$25:$J$36,7,FALSE())),"")) | X117: =IF(Calendario!$K$10="","",IFERROR(HYPERLINK("#Rubriche!C"&(MATCH(Calendario!$K$10,Rubriche!$A$1:$A$1000,0)+1),VLOOKUP(Calendario!$K$10,Impostazioni!$A$25:$J$36,8,FALSE())),"")) | Y117: =IF(Calendario!$K$10="","",IFERROR(HYPERLINK("#Rubriche!C"&(MATCH(Calendario!$K$10,Rubriche!$A$1:$A$1000,0)+2),VLOOKUP(Calendario!$K$10,Impostazioni!$A$25:$J$36,9,FALSE())),"")) | Z117: =IF(Calendario!$K$10="","",IFERROR(HYPERLINK("#Rubriche!C"&(MATCH(Calendario!$K$10,Rubriche!$A$1:$A$1000,0)+3),VLOOKUP(Calendario!$K$10,Impostazioni!$A$25:$J$36,10,FALSE())),""))
A118: N° | B118: Alunno | C118: Stato | D118: Recuperata il | E118: I1 | F118: I2 | G118: I3 | H118: I4 | I118: VOTO | J118: GIUDIZIO (Argo) | K118: I1 | L118: I2 | M118: I3 | N118: I4 | O118: VOTO | P118: GIUDIZIO (Argo) | Q118: I1 | R118: I2 | S118: I3 | T118: I4 | U118: VOTO | V118: GIUDIZIO (Argo) | W118: I1 | X118: I2 | Y118: I3 | Z118: I4 | AA118: VOTO | AB118: GIUDIZIO (Argo)
A119: 1 | B119: =IFERROR(INDEX(Alunni!$C$1:$C$1000,MATCH($A119,Alunni!$A$1:$A$1000,0))&"","") -> Rossi Mario (esempio) | I119: =IF(COUNT(E119:H119)=0,"",ROUND(AVERAGE(E119:H119),0)) | J119: =IF(I119="","",LOOKUP(I119,Impostazioni!$E$4:$E$9,Impostazioni!$F$4:$F$9)) | O119: =IF(COUNT(K119:N119)=0,"",ROUND(AVERAGE(K119:N119),0)) | P119: =IF(O119="","",LOOKUP(O119,Impostazioni!$E$4:$E$9,Impostazioni!$F$4:$F$9)) | U119: =IF(COUNT(Q119:T119)=0,"",ROUND(AVERAGE(Q119:T119),0)) | V119: =IF(U119="","",LOOKUP(U119,Impostazioni!$E$4:$E$9,Impostazioni!$F$4:$F$9)) | AA119: =IF(COUNT(W119:Z119)=0,"",ROUND(AVERAGE(W119:Z119),0)) | AB119: =IF(AA119="","",LOOKUP(AA119,Impostazioni!$E$4:$E$9,Impostazioni!$F$4:$F$9))
A120: 2 | B120: =IFERROR(INDEX(Alunni!$C$1:$C$1000,MATCH($A120,Alunni!$A$1:$A$1000,0))&"","") -> Bianchi Anna (esempio) | I120: =IF(COUNT(E120:H120)=0,"",ROUND(AVERAGE(E120:H120),0)) | J120: =IF(I120="","",LOOKUP(I120,Impostazioni!$E$4:$E$9,Impostazioni!$F$4:$F$9)) | O120: =IF(COUNT(K120:N120)=0,"",ROUND(AVERAGE(K120:N120),0)) | P120: =IF(O120="","",LOOKUP(O120,Impostazioni!$E$4:$E$9,Impostazioni!$F$4:$F$9)) | U120: =IF(COUNT(Q120:T120)=0,"",ROUND(AVERAGE(Q120:T120),0)) | V120: =IF(U120="","",LOOKUP(U120,Impostazioni!$E$4:$E$9,Impostazioni!$F$4:$F$9)) | AA120: =IF(COUNT(W120:Z120)=0,"",ROUND(AVERAGE(W120:Z120),0)) | AB120: =IF(AA120="","",LOOKUP(AA120,Impostazioni!$E$4:$E$9,Impostazioni!$F$4:$F$9))
A121: 3 | B121: =IFERROR(INDEX(Alunni!$C$1:$C$1000,MATCH($A121,Alunni!$A$1:$A$1000,0))&"","") -> Verdi Luca (esempio) | I121: =IF(COUNT(E121:H121)=0,"",ROUND(AVERAGE(E121:H121),0)) | J121: =IF(I121="","",LOOKUP(I121,Impostazioni!$E$4:$E$9,Impostazioni!$F$4:$F$9)) | O121: =IF(COUNT(K121:N121)=0,"",ROUND(AVERAGE(K121:N121),0)) | P121: =IF(O121="","",LOOKUP(O121,Impostazioni!$E$4:$E$9,Impostazioni!$F$4:$F$9)) | U121: =IF(COUNT(Q121:T121)=0,"",ROUND(AVERAGE(Q121:T121),0)) | V121: =IF(U121="","",LOOKUP(U121,Impostazioni!$E$4:$E$9,Impostazioni!$F$4:$F$9)) | AA121: =IF(COUNT(W121:Z121)=0,"",ROUND(AVERAGE(W121:Z121),0)) | AB121: =IF(AA121="","",LOOKUP(AA121,Impostazioni!$E$4:$E$9,Impostazioni!$F$4:$F$9))
A122: 4 | B122: =IFERROR(INDEX(Alunni!$C$1:$C$1000,MATCH($A122,Alunni!$A$1:$A$1000,0))&"","") | I122: =IF(COUNT(E122:H122)=0,"",ROUND(AVERAGE(E122:H122),0)) | J122: =IF(I122="","",LOOKUP(I122,Impostazioni!$E$4:$E$9,Impostazioni!$F$4:$F$9)) | O122: =IF(COUNT(K122:N122)=0,"",ROUND(AVERAGE(K122:N122),0)) | P122: =IF(O122="","",LOOKUP(O122,Impostazioni!$E$4:$E$9,Impostazioni!$F$4:$F$9)) | U122: =IF(COUNT(Q122:T122)=0,"",ROUND(AVERAGE(Q122:T122),0)) | V122: =IF(U122="","",LOOKUP(U122,Impostazioni!$E$4:$E$9,Impostazioni!$F$4:$F$9)) | AA122: =IF(COUNT(W122:Z122)=0,"",ROUND(AVERAGE(W122:Z122),0)) | AB122: =IF(AA122="","",LOOKUP(AA122,Impostazioni!$E$4:$E$9,Impostazioni!$F$4:$F$9))
A123: 5 | B123: =IFERROR(INDEX(Alunni!$C$1:$C$1000,MATCH($A123,Alunni!$A$1:$A$1000,0))&"","") | I123: =IF(COUNT(E123:H123)=0,"",ROUND(AVERAGE(E123:H123),0)) | J123: =IF(I123="","",LOOKUP(I123,Impostazioni!$E$4:$E$9,Impostazioni!$F$4:$F$9)) | O123: =IF(COUNT(K123:N123)=0,"",ROUND(AVERAGE(K123:N123),0)) | P123: =IF(O123="","",LOOKUP(O123,Impostazioni!$E$4:$E$9,Impostazioni!$F$4:$F$9)) | U123: =IF(COUNT(Q123:T123)=0,"",ROUND(AVERAGE(Q123:T123),0)) | V123: =IF(U123="","",LOOKUP(U123,Impostazioni!$E$4:$E$9,Impostazioni!$F$4:$F$9)) | AA123: =IF(COUNT(W123:Z123)=0,"",ROUND(AVERAGE(W123:Z123),0)) | AB123: =IF(AA123="","",LOOKUP(AA123,Impostazioni!$E$4:$E$9,Impostazioni!$F$4:$F$9))
A124: 6 | B124: =IFERROR(INDEX(Alunni!$C$1:$C$1000,MATCH($A124,Alunni!$A$1:$A$1000,0))&"","") | I124: =IF(COUNT(E124:H124)=0,"",ROUND(AVERAGE(E124:H124),0)) | J124: =IF(I124="","",LOOKUP(I124,Impostazioni!$E$4:$E$9,Impostazioni!$F$4:$F$9)) | O124: =IF(COUNT(K124:N124)=0,"",ROUND(AVERAGE(K124:N124),0)) | P124: =IF(O124="","",LOOKUP(O124,Impostazioni!$E$4:$E$9,Impostazioni!$F$4:$F$9)) | U124: =IF(COUNT(Q124:T124)=0,"",ROUND(AVERAGE(Q124:T124),0)) | V124: =IF(U124="","",LOOKUP(U124,Impostazioni!$E$4:$E$9,Impostazioni!$F$4:$F$9)) | AA124: =IF(COUNT(W124:Z124)=0,"",ROUND(AVERAGE(W124:Z124),0)) | AB124: =IF(AA124="","",LOOKUP(AA124,Impostazioni!$E$4:$E$9,Impostazioni!$F$4:$F$9))
A125: 7 | B125: =IFERROR(INDEX(Alunni!$C$1:$C$1000,MATCH($A125,Alunni!$A$1:$A$1000,0))&"","") | I125: =IF(COUNT(E125:H125)=0,"",ROUND(AVERAGE(E125:H125),0)) | J125: =IF(I125="","",LOOKUP(I125,Impostazioni!$E$4:$E$9,Impostazioni!$F$4:$F$9)) | O125: =IF(COUNT(K125:N125)=0,"",ROUND(AVERAGE(K125:N125),0)) | P125: =IF(O125="","",LOOKUP(O125,Impostazioni!$E$4:$E$9,Impostazioni!$F$4:$F$9)) | U125: =IF(COUNT(Q125:T125)=0,"",ROUND(AVERAGE(Q125:T125),0)) | V125: =IF(U125="","",LOOKUP(U125,Impostazioni!$E$4:$E$9,Impostazioni!$F$4:$F$9)) | AA125: =IF(COUNT(W125:Z125)=0,"",ROUND(AVERAGE(W125:Z125),0)) | AB125: =IF(AA125="","",LOOKUP(AA125,Impostazioni!$E$4:$E$9,Impostazioni!$F$4:$F$9))
A126: 8 | B126: =IFERROR(INDEX(Alunni!$C$1:$C$1000,MATCH($A126,Alunni!$A$1:$A$1000,0))&"","") | I126: =IF(COUNT(E126:H126)=0,"",ROUND(AVERAGE(E126:H126),0)) | J126: =IF(I126="","",LOOKUP(I126,Impostazioni!$E$4:$E$9,Impostazioni!$F$4:$F$9)) | O126: =IF(COUNT(K126:N126)=0,"",ROUND(AVERAGE(K126:N126),0)) | P126: =IF(O126="","",LOOKUP(O126,Impostazioni!$E$4:$E$9,Impostazioni!$F$4:$F$9)) | U126: =IF(COUNT(Q126:T126)=0,"",ROUND(AVERAGE(Q126:T126),0)) | V126: =IF(U126="","",LOOKUP(U126,Impostazioni!$E$4:$E$9,Impostazioni!$F$4:$F$9)) | AA126: =IF(COUNT(W126:Z126)=0,"",ROUND(AVERAGE(W126:Z126),0)) | AB126: =IF(AA126="","",LOOKUP(AA126,Impostazioni!$E$4:$E$9,Impostazioni!$F$4:$F$9))
A127: 9 | B127: =IFERROR(INDEX(Alunni!$C$1:$C$1000,MATCH($A127,Alunni!$A$1:$A$1000,0))&"","") | I127: =IF(COUNT(E127:H127)=0,"",ROUND(AVERAGE(E127:H127),0)) | J127: =IF(I127="","",LOOKUP(I127,Impostazioni!$E$4:$E$9,Impostazioni!$F$4:$F$9)) | O127: =IF(COUNT(K127:N127)=0,"",ROUND(AVERAGE(K127:N127),0)) | P127: =IF(O127="","",LOOKUP(O127,Impostazioni!$E$4:$E$9,Impostazioni!$F$4:$F$9)) | U127: =IF(COUNT(Q127:T127)=0,"",ROUND(AVERAGE(Q127:T127),0)) | V127: =IF(U127="","",LOOKUP(U127,Impostazioni!$E$4:$E$9,Impostazioni!$F$4:$F$9)) | AA127: =IF(COUNT(W127:Z127)=0,"",ROUND(AVERAGE(W127:Z127),0)) | AB127: =IF(AA127="","",LOOKUP(AA127,Impostazioni!$E$4:$E$9,Impostazioni!$F$4:$F$9))
A128: 10 | B128: =IFERROR(INDEX(Alunni!$C$1:$C$1000,MATCH($A128,Alunni!$A$1:$A$1000,0))&"","") | I128: =IF(COUNT(E128:H128)=0,"",ROUND(AVERAGE(E128:H128),0)) | J128: =IF(I128="","",LOOKUP(I128,Impostazioni!$E$4:$E$9,Impostazioni!$F$4:$F$9)) | O128: =IF(COUNT(K128:N128)=0,"",ROUND(AVERAGE(K128:N128),0)) | P128: =IF(O128="","",LOOKUP(O128,Impostazioni!$E$4:$E$9,Impostazioni!$F$4:$F$9)) | U128: =IF(COUNT(Q128:T128)=0,"",ROUND(AVERAGE(Q128:T128),0)) | V128: =IF(U128="","",LOOKUP(U128,Impostazioni!$E$4:$E$9,Impostazioni!$F$4:$F$9)) | AA128: =IF(COUNT(W128:Z128)=0,"",ROUND(AVERAGE(W128:Z128),0)) | AB128: =IF(AA128="","",LOOKUP(AA128,Impostazioni!$E$4:$E$9,Impostazioni!$F$4:$F$9))
A129: 11 | B129: =IFERROR(INDEX(Alunni!$C$1:$C$1000,MATCH($A129,Alunni!$A$1:$A$1000,0))&"","") | I129: =IF(COUNT(E129:H129)=0,"",ROUND(AVERAGE(E129:H129),0)) | J129: =IF(I129="","",LOOKUP(I129,Impostazioni!$E$4:$E$9,Impostazioni!$F$4:$F$9)) | O129: =IF(COUNT(K129:N129)=0,"",ROUND(AVERAGE(K129:N129),0)) | P129: =IF(O129="","",LOOKUP(O129,Impostazioni!$E$4:$E$9,Impostazioni!$F$4:$F$9)) | U129: =IF(COUNT(Q129:T129)=0,"",ROUND(AVERAGE(Q129:T129),0)) | V129: =IF(U129="","",LOOKUP(U129,Impostazioni!$E$4:$E$9,Impostazioni!$F$4:$F$9)) | AA129: =IF(COUNT(W129:Z129)=0,"",ROUND(AVERAGE(W129:Z129),0)) | AB129: =IF(AA129="","",LOOKUP(AA129,Impostazioni!$E$4:$E$9,Impostazioni!$F$4:$F$9))
A130: 12 | B130: =IFERROR(INDEX(Alunni!$C$1:$C$1000,MATCH($A130,Alunni!$A$1:$A$1000,0))&"","") | I130: =IF(COUNT(E130:H130)=0,"",ROUND(AVERAGE(E130:H130),0)) | J130: =IF(I130="","",LOOKUP(I130,Impostazioni!$E$4:$E$9,Impostazioni!$F$4:$F$9)) | O130: =IF(COUNT(K130:N130)=0,"",ROUND(AVERAGE(K130:N130),0)) | P130: =IF(O130="","",LOOKUP(O130,Impostazioni!$E$4:$E$9,Impostazioni!$F$4:$F$9)) | U130: =IF(COUNT(Q130:T130)=0,"",ROUND(AVERAGE(Q130:T130),0)) | V130: =IF(U130="","",LOOKUP(U130,Impostazioni!$E$4:$E$9,Impostazioni!$F$4:$F$9)) | AA130: =IF(COUNT(W130:Z130)=0,"",ROUND(AVERAGE(W130:Z130),0)) | AB130: =IF(AA130="","",LOOKUP(AA130,Impostazioni!$E$4:$E$9,Impostazioni!$F$4:$F$9))
... A148: 30 | B148: =IFERROR(INDEX(Alunni!$C$1:$C$1000,MATCH($A148,Alunni!$A$1:$A$1000,0))&"","") | I148: =IF(COUNT(E148:H148)=0,"",ROUND(AVERAGE(E148:H148),0)) | J148: =IF(I148="","",LOOKUP(I148,Impostazioni!$E$4:$E$9,Impostazioni!$F$4:$F$9)) | O148: =IF(COUNT(K148:N148)=0,"",ROUND(AVERAGE(K148:N148),0)) | P148: =IF(O148="","",LOOKUP(O148,Impostazioni!$E$4:$E$9,Impostazioni!$F$4:$F$9)) | U148: =IF(COUNT(Q148:T148)=0,"",ROUND(AVERAGE(Q148:T148),0)) | V148: =IF(U148="","",LOOKUP(U148,Impostazioni!$E$4:$E$9,Impostazioni!$F$4:$F$9)) | AA148: =IF(COUNT(W148:Z148)=0,"",ROUND(AVERAGE(W148:Z148),0)) | AB148: =IF(AA148="","",LOOKUP(AA148,Impostazioni!$E$4:$E$9,Impostazioni!$F$4:$F$9))
A150: =Calendario!B11&" · "&IF(Calendario!G11="","(descrizione da Calendario)",Calendario!G11)&" · "&IF(Calendario!E11="","data da fissare",CHOOSE(WEEKDAY(Calendario!E11,2),"lunedì","martedì","mercoledì","giovedì","venerdì","sabato","domenica")&" "&TEXT(DAY(Calendario!E11),"00")&"/"&TEXT(MONTH(Calendario!E11),"00")&"/"&YEAR(Calendario!E11)) -> Q1-G05 · (descrizione da Calendario) · data da fissare
A151: Sotto-obiettivo | E151: =IF(Calendario!$H$11="","— libero —",Calendario!$H$11&" "&IFERROR(VLOOKUP(Calendario!$H$11,Impostazioni!$A$25:$J$36,3,FALSE()),"")) -> — libero — | K151: =IF(Calendario!$I$11="","— libero —",Calendario!$I$11&" "&IFERROR(VLOOKUP(Calendario!$I$11,Impostazioni!$A$25:$J$36,3,FALSE()),"")) -> — libero — | Q151: =IF(Calendario!$J$11="","— libero —",Calendario!$J$11&" "&IFERROR(VLOOKUP(Calendario!$J$11,Impostazioni!$A$25:$J$36,3,FALSE()),"")) -> — libero — | W151: =IF(Calendario!$K$11="","— libero —",Calendario!$K$11&" "&IFERROR(VLOOKUP(Calendario!$K$11,Impostazioni!$A$25:$J$36,3,FALSE()),"")) -> — libero —
A152: Concorre a | E152: =IF(Calendario!$H$11="","","Ob. "&IFERROR(VLOOKUP(Calendario!$H$11,Impostazioni!$A$25:$J$36,5,FALSE()),"?")&" · peso "&IF(Calendario!$F$11=2,Impostazioni!$B$11,Impostazioni!$B$10)) | K152: =IF(Calendario!$I$11="","","Ob. "&IFERROR(VLOOKUP(Calendario!$I$11,Impostazioni!$A$25:$J$36,5,FALSE()),"?")&" · peso "&IF(Calendario!$F$11=2,Impostazioni!$B$11,Impostazioni!$B$10)) | Q152: =IF(Calendario!$J$11="","","Ob. "&IFERROR(VLOOKUP(Calendario!$J$11,Impostazioni!$A$25:$J$36,5,FALSE()),"?")&" · peso "&IF(Calendario!$F$11=2,Impostazioni!$B$11,Impostazioni!$B$10)) | W152: =IF(Calendario!$K$11="","","Ob. "&IFERROR(VLOOKUP(Calendario!$K$11,Impostazioni!$A$25:$J$36,5,FALSE()),"?")&" · peso "&IF(Calendario!$F$11=2,Impostazioni!$B$11,Impostazioni!$B$10))
A153: Indicatori (tocca → rubrica) | E153: =IF(Calendario!$H$11="","",IFERROR(HYPERLINK("#Rubriche!C"&(MATCH(Calendario!$H$11,Rubriche!$A$1:$A$1000,0)+0),VLOOKUP(Calendario!$H$11,Impostazioni!$A$25:$J$36,7,FALSE())),"")) | F153: =IF(Calendario!$H$11="","",IFERROR(HYPERLINK("#Rubriche!C"&(MATCH(Calendario!$H$11,Rubriche!$A$1:$A$1000,0)+1),VLOOKUP(Calendario!$H$11,Impostazioni!$A$25:$J$36,8,FALSE())),"")) | G153: =IF(Calendario!$H$11="","",IFERROR(HYPERLINK("#Rubriche!C"&(MATCH(Calendario!$H$11,Rubriche!$A$1:$A$1000,0)+2),VLOOKUP(Calendario!$H$11,Impostazioni!$A$25:$J$36,9,FALSE())),"")) | H153: =IF(Calendario!$H$11="","",IFERROR(HYPERLINK("#Rubriche!C"&(MATCH(Calendario!$H$11,Rubriche!$A$1:$A$1000,0)+3),VLOOKUP(Calendario!$H$11,Impostazioni!$A$25:$J$36,10,FALSE())),"")) | K153: =IF(Calendario!$I$11="","",IFERROR(HYPERLINK("#Rubriche!C"&(MATCH(Calendario!$I$11,Rubriche!$A$1:$A$1000,0)+0),VLOOKUP(Calendario!$I$11,Impostazioni!$A$25:$J$36,7,FALSE())),"")) | L153: =IF(Calendario!$I$11="","",IFERROR(HYPERLINK("#Rubriche!C"&(MATCH(Calendario!$I$11,Rubriche!$A$1:$A$1000,0)+1),VLOOKUP(Calendario!$I$11,Impostazioni!$A$25:$J$36,8,FALSE())),"")) | M153: =IF(Calendario!$I$11="","",IFERROR(HYPERLINK("#Rubriche!C"&(MATCH(Calendario!$I$11,Rubriche!$A$1:$A$1000,0)+2),VLOOKUP(Calendario!$I$11,Impostazioni!$A$25:$J$36,9,FALSE())),"")) | N153: =IF(Calendario!$I$11="","",IFERROR(HYPERLINK("#Rubriche!C"&(MATCH(Calendario!$I$11,Rubriche!$A$1:$A$1000,0)+3),VLOOKUP(Calendario!$I$11,Impostazioni!$A$25:$J$36,10,FALSE())),"")) | Q153: =IF(Calendario!$J$11="","",IFERROR(HYPERLINK("#Rubriche!C"&(MATCH(Calendario!$J$11,Rubriche!$A$1:$A$1000,0)+0),VLOOKUP(Calendario!$J$11,Impostazioni!$A$25:$J$36,7,FALSE())),"")) | R153: =IF(Calendario!$J$11="","",IFERROR(HYPERLINK("#Rubriche!C"&(MATCH(Calendario!$J$11,Rubriche!$A$1:$A$1000,0)+1),VLOOKUP(Calendario!$J$11,Impostazioni!$A$25:$J$36,8,FALSE())),"")) | S153: =IF(Calendario!$J$11="","",IFERROR(HYPERLINK("#Rubriche!C"&(MATCH(Calendario!$J$11,Rubriche!$A$1:$A$1000,0)+2),VLOOKUP(Calendario!$J$11,Impostazioni!$A$25:$J$36,9,FALSE())),"")) | T153: =IF(Calendario!$J$11="","",IFERROR(HYPERLINK("#Rubriche!C"&(MATCH(Calendario!$J$11,Rubriche!$A$1:$A$1000,0)+3),VLOOKUP(Calendario!$J$11,Impostazioni!$A$25:$J$36,10,FALSE())),"")) | W153: =IF(Calendario!$K$11="","",IFERROR(HYPERLINK("#Rubriche!C"&(MATCH(Calendario!$K$11,Rubriche!$A$1:$A$1000,0)+0),VLOOKUP(Calendario!$K$11,Impostazioni!$A$25:$J$36,7,FALSE())),"")) | X153: =IF(Calendario!$K$11="","",IFERROR(HYPERLINK("#Rubriche!C"&(MATCH(Calendario!$K$11,Rubriche!$A$1:$A$1000,0)+1),VLOOKUP(Calendario!$K$11,Impostazioni!$A$25:$J$36,8,FALSE())),"")) | Y153: =IF(Calendario!$K$11="","",IFERROR(HYPERLINK("#Rubriche!C"&(MATCH(Calendario!$K$11,Rubriche!$A$1:$A$1000,0)+2),VLOOKUP(Calendario!$K$11,Impostazioni!$A$25:$J$36,9,FALSE())),"")) | Z153: =IF(Calendario!$K$11="","",IFERROR(HYPERLINK("#Rubriche!C"&(MATCH(Calendario!$K$11,Rubriche!$A$1:$A$1000,0)+3),VLOOKUP(Calendario!$K$11,Impostazioni!$A$25:$J$36,10,FALSE())),""))
A154: N° | B154: Alunno | C154: Stato | D154: Recuperata il | E154: I1 | F154: I2 | G154: I3 | H154: I4 | I154: VOTO | J154: GIUDIZIO (Argo) | K154: I1 | L154: I2 | M154: I3 | N154: I4 | O154: VOTO | P154: GIUDIZIO (Argo) | Q154: I1 | R154: I2 | S154: I3 | T154: I4 | U154: VOTO | V154: GIUDIZIO (Argo) | W154: I1 | X154: I2 | Y154: I3 | Z154: I4 | AA154: VOTO | AB154: GIUDIZIO (Argo)
A155: 1 | B155: =IFERROR(INDEX(Alunni!$C$1:$C$1000,MATCH($A155,Alunni!$A$1:$A$1000,0))&"","") -> Rossi Mario (esempio) | I155: =IF(COUNT(E155:H155)=0,"",ROUND(AVERAGE(E155:H155),0)) | J155: =IF(I155="","",LOOKUP(I155,Impostazioni!$E$4:$E$9,Impostazioni!$F$4:$F$9)) | O155: =IF(COUNT(K155:N155)=0,"",ROUND(AVERAGE(K155:N155),0)) | P155: =IF(O155="","",LOOKUP(O155,Impostazioni!$E$4:$E$9,Impostazioni!$F$4:$F$9)) | U155: =IF(COUNT(Q155:T155)=0,"",ROUND(AVERAGE(Q155:T155),0)) | V155: =IF(U155="","",LOOKUP(U155,Impostazioni!$E$4:$E$9,Impostazioni!$F$4:$F$9)) | AA155: =IF(COUNT(W155:Z155)=0,"",ROUND(AVERAGE(W155:Z155),0)) | AB155: =IF(AA155="","",LOOKUP(AA155,Impostazioni!$E$4:$E$9,Impostazioni!$F$4:$F$9))
A156: 2 | B156: =IFERROR(INDEX(Alunni!$C$1:$C$1000,MATCH($A156,Alunni!$A$1:$A$1000,0))&"","") -> Bianchi Anna (esempio) | I156: =IF(COUNT(E156:H156)=0,"",ROUND(AVERAGE(E156:H156),0)) | J156: =IF(I156="","",LOOKUP(I156,Impostazioni!$E$4:$E$9,Impostazioni!$F$4:$F$9)) | O156: =IF(COUNT(K156:N156)=0,"",ROUND(AVERAGE(K156:N156),0)) | P156: =IF(O156="","",LOOKUP(O156,Impostazioni!$E$4:$E$9,Impostazioni!$F$4:$F$9)) | U156: =IF(COUNT(Q156:T156)=0,"",ROUND(AVERAGE(Q156:T156),0)) | V156: =IF(U156="","",LOOKUP(U156,Impostazioni!$E$4:$E$9,Impostazioni!$F$4:$F$9)) | AA156: =IF(COUNT(W156:Z156)=0,"",ROUND(AVERAGE(W156:Z156),0)) | AB156: =IF(AA156="","",LOOKUP(AA156,Impostazioni!$E$4:$E$9,Impostazioni!$F$4:$F$9))
A157: 3 | B157: =IFERROR(INDEX(Alunni!$C$1:$C$1000,MATCH($A157,Alunni!$A$1:$A$1000,0))&"","") -> Verdi Luca (esempio) | I157: =IF(COUNT(E157:H157)=0,"",ROUND(AVERAGE(E157:H157),0)) | J157: =IF(I157="","",LOOKUP(I157,Impostazioni!$E$4:$E$9,Impostazioni!$F$4:$F$9)) | O157: =IF(COUNT(K157:N157)=0,"",ROUND(AVERAGE(K157:N157),0)) | P157: =IF(O157="","",LOOKUP(O157,Impostazioni!$E$4:$E$9,Impostazioni!$F$4:$F$9)) | U157: =IF(COUNT(Q157:T157)=0,"",ROUND(AVERAGE(Q157:T157),0)) | V157: =IF(U157="","",LOOKUP(U157,Impostazioni!$E$4:$E$9,Impostazioni!$F$4:$F$9)) | AA157: =IF(COUNT(W157:Z157)=0,"",ROUND(AVERAGE(W157:Z157),0)) | AB157: =IF(AA157="","",LOOKUP(AA157,Impostazioni!$E$4:$E$9,Impostazioni!$F$4:$F$9))
A158: 4 | B158: =IFERROR(INDEX(Alunni!$C$1:$C$1000,MATCH($A158,Alunni!$A$1:$A$1000,0))&"","") | I158: =IF(COUNT(E158:H158)=0,"",ROUND(AVERAGE(E158:H158),0)) | J158: =IF(I158="","",LOOKUP(I158,Impostazioni!$E$4:$E$9,Impostazioni!$F$4:$F$9)) | O158: =IF(COUNT(K158:N158)=0,"",ROUND(AVERAGE(K158:N158),0)) | P158: =IF(O158="","",LOOKUP(O158,Impostazioni!$E$4:$E$9,Impostazioni!$F$4:$F$9)) | U158: =IF(COUNT(Q158:T158)=0,"",ROUND(AVERAGE(Q158:T158),0)) | V158: =IF(U158="","",LOOKUP(U158,Impostazioni!$E$4:$E$9,Impostazioni!$F$4:$F$9)) | AA158: =IF(COUNT(W158:Z158)=0,"",ROUND(AVERAGE(W158:Z158),0)) | AB158: =IF(AA158="","",LOOKUP(AA158,Impostazioni!$E$4:$E$9,Impostazioni!$F$4:$F$9))
A159: 5 | B159: =IFERROR(INDEX(Alunni!$C$1:$C$1000,MATCH($A159,Alunni!$A$1:$A$1000,0))&"","") | I159: =IF(COUNT(E159:H159)=0,"",ROUND(AVERAGE(E159:H159),0)) | J159: =IF(I159="","",LOOKUP(I159,Impostazioni!$E$4:$E$9,Impostazioni!$F$4:$F$9)) | O159: =IF(COUNT(K159:N159)=0,"",ROUND(AVERAGE(K159:N159),0)) | P159: =IF(O159="","",LOOKUP(O159,Impostazioni!$E$4:$E$9,Impostazioni!$F$4:$F$9)) | U159: =IF(COUNT(Q159:T159)=0,"",ROUND(AVERAGE(Q159:T159),0)) | V159: =IF(U159="","",LOOKUP(U159,Impostazioni!$E$4:$E$9,Impostazioni!$F$4:$F$9)) | AA159: =IF(COUNT(W159:Z159)=0,"",ROUND(AVERAGE(W159:Z159),0)) | AB159: =IF(AA159="","",LOOKUP(AA159,Impostazioni!$E$4:$E$9,Impostazioni!$F$4:$F$9))
A160: 6 | B160: =IFERROR(INDEX(Alunni!$C$1:$C$1000,MATCH($A160,Alunni!$A$1:$A$1000,0))&"","") | I160: =IF(COUNT(E160:H160)=0,"",ROUND(AVERAGE(E160:H160),0)) | J160: =IF(I160="","",LOOKUP(I160,Impostazioni!$E$4:$E$9,Impostazioni!$F$4:$F$9)) | O160: =IF(COUNT(K160:N160)=0,"",ROUND(AVERAGE(K160:N160),0)) | P160: =IF(O160="","",LOOKUP(O160,Impostazioni!$E$4:$E$9,Impostazioni!$F$4:$F$9)) | U160: =IF(COUNT(Q160:T160)=0,"",ROUND(AVERAGE(Q160:T160),0)) | V160: =IF(U160="","",LOOKUP(U160,Impostazioni!$E$4:$E$9,Impostazioni!$F$4:$F$9)) | AA160: =IF(COUNT(W160:Z160)=0,"",ROUND(AVERAGE(W160:Z160),0)) | AB160: =IF(AA160="","",LOOKUP(AA160,Impostazioni!$E$4:$E$9,Impostazioni!$F$4:$F$9))
A161: 7 | B161: =IFERROR(INDEX(Alunni!$C$1:$C$1000,MATCH($A161,Alunni!$A$1:$A$1000,0))&"","") | I161: =IF(COUNT(E161:H161)=0,"",ROUND(AVERAGE(E161:H161),0)) | J161: =IF(I161="","",LOOKUP(I161,Impostazioni!$E$4:$E$9,Impostazioni!$F$4:$F$9)) | O161: =IF(COUNT(K161:N161)=0,"",ROUND(AVERAGE(K161:N161),0)) | P161: =IF(O161="","",LOOKUP(O161,Impostazioni!$E$4:$E$9,Impostazioni!$F$4:$F$9)) | U161: =IF(COUNT(Q161:T161)=0,"",ROUND(AVERAGE(Q161:T161),0)) | V161: =IF(U161="","",LOOKUP(U161,Impostazioni!$E$4:$E$9,Impostazioni!$F$4:$F$9)) | AA161: =IF(COUNT(W161:Z161)=0,"",ROUND(AVERAGE(W161:Z161),0)) | AB161: =IF(AA161="","",LOOKUP(AA161,Impostazioni!$E$4:$E$9,Impostazioni!$F$4:$F$9))
A162: 8 | B162: =IFERROR(INDEX(Alunni!$C$1:$C$1000,MATCH($A162,Alunni!$A$1:$A$1000,0))&"","") | I162: =IF(COUNT(E162:H162)=0,"",ROUND(AVERAGE(E162:H162),0)) | J162: =IF(I162="","",LOOKUP(I162,Impostazioni!$E$4:$E$9,Impostazioni!$F$4:$F$9)) | O162: =IF(COUNT(K162:N162)=0,"",ROUND(AVERAGE(K162:N162),0)) | P162: =IF(O162="","",LOOKUP(O162,Impostazioni!$E$4:$E$9,Impostazioni!$F$4:$F$9)) | U162: =IF(COUNT(Q162:T162)=0,"",ROUND(AVERAGE(Q162:T162),0)) | V162: =IF(U162="","",LOOKUP(U162,Impostazioni!$E$4:$E$9,Impostazioni!$F$4:$F$9)) | AA162: =IF(COUNT(W162:Z162)=0,"",ROUND(AVERAGE(W162:Z162),0)) | AB162: =IF(AA162="","",LOOKUP(AA162,Impostazioni!$E$4:$E$9,Impostazioni!$F$4:$F$9))
A163: 9 | B163: =IFERROR(INDEX(Alunni!$C$1:$C$1000,MATCH($A163,Alunni!$A$1:$A$1000,0))&"","") | I163: =IF(COUNT(E163:H163)=0,"",ROUND(AVERAGE(E163:H163),0)) | J163: =IF(I163="","",LOOKUP(I163,Impostazioni!$E$4:$E$9,Impostazioni!$F$4:$F$9)) | O163: =IF(COUNT(K163:N163)=0,"",ROUND(AVERAGE(K163:N163),0)) | P163: =IF(O163="","",LOOKUP(O163,Impostazioni!$E$4:$E$9,Impostazioni!$F$4:$F$9)) | U163: =IF(COUNT(Q163:T163)=0,"",ROUND(AVERAGE(Q163:T163),0)) | V163: =IF(U163="","",LOOKUP(U163,Impostazioni!$E$4:$E$9,Impostazioni!$F$4:$F$9)) | AA163: =IF(COUNT(W163:Z163)=0,"",ROUND(AVERAGE(W163:Z163),0)) | AB163: =IF(AA163="","",LOOKUP(AA163,Impostazioni!$E$4:$E$9,Impostazioni!$F$4:$F$9))
A164: 10 | B164: =IFERROR(INDEX(Alunni!$C$1:$C$1000,MATCH($A164,Alunni!$A$1:$A$1000,0))&"","") | I164: =IF(COUNT(E164:H164)=0,"",ROUND(AVERAGE(E164:H164),0)) | J164: =IF(I164="","",LOOKUP(I164,Impostazioni!$E$4:$E$9,Impostazioni!$F$4:$F$9)) | O164: =IF(COUNT(K164:N164)=0,"",ROUND(AVERAGE(K164:N164),0)) | P164: =IF(O164="","",LOOKUP(O164,Impostazioni!$E$4:$E$9,Impostazioni!$F$4:$F$9)) | U164: =IF(COUNT(Q164:T164)=0,"",ROUND(AVERAGE(Q164:T164),0)) | V164: =IF(U164="","",LOOKUP(U164,Impostazioni!$E$4:$E$9,Impostazioni!$F$4:$F$9)) | AA164: =IF(COUNT(W164:Z164)=0,"",ROUND(AVERAGE(W164:Z164),0)) | AB164: =IF(AA164="","",LOOKUP(AA164,Impostazioni!$E$4:$E$9,Impostazioni!$F$4:$F$9))
A165: 11 | B165: =IFERROR(INDEX(Alunni!$C$1:$C$1000,MATCH($A165,Alunni!$A$1:$A$1000,0))&"","") | I165: =IF(COUNT(E165:H165)=0,"",ROUND(AVERAGE(E165:H165),0)) | J165: =IF(I165="","",LOOKUP(I165,Impostazioni!$E$4:$E$9,Impostazioni!$F$4:$F$9)) | O165: =IF(COUNT(K165:N165)=0,"",ROUND(AVERAGE(K165:N165),0)) | P165: =IF(O165="","",LOOKUP(O165,Impostazioni!$E$4:$E$9,Impostazioni!$F$4:$F$9)) | U165: =IF(COUNT(Q165:T165)=0,"",ROUND(AVERAGE(Q165:T165),0)) | V165: =IF(U165="","",LOOKUP(U165,Impostazioni!$E$4:$E$9,Impostazioni!$F$4:$F$9)) | AA165: =IF(COUNT(W165:Z165)=0,"",ROUND(AVERAGE(W165:Z165),0)) | AB165: =IF(AA165="","",LOOKUP(AA165,Impostazioni!$E$4:$E$9,Impostazioni!$F$4:$F$9))
A166: 12 | B166: =IFERROR(INDEX(Alunni!$C$1:$C$1000,MATCH($A166,Alunni!$A$1:$A$1000,0))&"","") | I166: =IF(COUNT(E166:H166)=0,"",ROUND(AVERAGE(E166:H166),0)) | J166: =IF(I166="","",LOOKUP(I166,Impostazioni!$E$4:$E$9,Impostazioni!$F$4:$F$9)) | O166: =IF(COUNT(K166:N166)=0,"",ROUND(AVERAGE(K166:N166),0)) | P166: =IF(O166="","",LOOKUP(O166,Impostazioni!$E$4:$E$9,Impostazioni!$F$4:$F$9)) | U166: =IF(COUNT(Q166:T166)=0,"",ROUND(AVERAGE(Q166:T166),0)) | V166: =IF(U166="","",LOOKUP(U166,Impostazioni!$E$4:$E$9,Impostazioni!$F$4:$F$9)) | AA166: =IF(COUNT(W166:Z166)=0,"",ROUND(AVERAGE(W166:Z166),0)) | AB166: =IF(AA166="","",LOOKUP(AA166,Impostazioni!$E$4:$E$9,Impostazioni!$F$4:$F$9))
... A184: 30 | B184: =IFERROR(INDEX(Alunni!$C$1:$C$1000,MATCH($A184,Alunni!$A$1:$A$1000,0))&"","") | I184: =IF(COUNT(E184:H184)=0,"",ROUND(AVERAGE(E184:H184),0)) | J184: =IF(I184="","",LOOKUP(I184,Impostazioni!$E$4:$E$9,Impostazioni!$F$4:$F$9)) | O184: =IF(COUNT(K184:N184)=0,"",ROUND(AVERAGE(K184:N184),0)) | P184: =IF(O184="","",LOOKUP(O184,Impostazioni!$E$4:$E$9,Impostazioni!$F$4:$F$9)) | U184: =IF(COUNT(Q184:T184)=0,"",ROUND(AVERAGE(Q184:T184),0)) | V184: =IF(U184="","",LOOKUP(U184,Impostazioni!$E$4:$E$9,Impostazioni!$F$4:$F$9)) | AA184: =IF(COUNT(W184:Z184)=0,"",ROUND(AVERAGE(W184:Z184),0)) | AB184: =IF(AA184="","",LOOKUP(AA184,Impostazioni!$E$4:$E$9,Impostazioni!$F$4:$F$9))
...

Sheet Riepilogo
A1: RIEPILOGO E GIUDIZI · MODELLO-5 · classe 5ª · 1° e 2° quadrimestre
A2: Gialle = tue. Il giudizio definitivo prevale. Verde = da riportare. «+» in alto mostra le medie di dettaglio.
E4: 1° QUADRIMESTRE | AJ4: 2° QUADRIMESTRE
E5: MEDIE PER SOTTO-OBIETTIVO | M5: ="OB. A · "&Impostazioni!B17 -> OB. A · Organizzare movimenti finalizzati valutando traiettorie, distanze e ritmi anche in situazioni nuove, con piena autonomia. | R5: ="OB. B · "&Impostazioni!B18 -> OB. B · Applicare correttamente le modalità di gioco-sport e svolgere un ruolo attivo nel gruppo, rispettando regole e avversari. | W5: TECNOLOGIA | Z5: ED. CIVICA | AC5: PROCESSO E AVVISI | AF5: DA RIPORTARE NEL DOCUMENTO | AJ5: MEDIE PER SOTTO-OBIETTIVO | AR5: ="OB. A · "&Impostazioni!B19 -> OB. A · Elaborare ed eseguire sequenze e coreografie individuali e collettive in modo personale e coordinato. | AW5: ="OB. B · "&Impostazioni!B20 -> OB. B · Collegare alimentazione, esercizio e benessere verso stili di vita attivi, muovendosi in sicurezza anche in contesti nuovi e all'aperto. | BB5: TECNOLOGIA | BE5: ED. CIVICA | BH5: PROCESSO E AVVISI | BK5: DA RIPORTARE NEL DOCUMENTO
A7: N° | B7: Alunno | C7: Stato | D7: OP | E7: 1.1 Traiettorie, ritmi, organizzazione | F7: 2.1 Sequenze e coreografie | G7: 3.1 Modalità esecutive gioco-sport | H7: 3.2 Partecipare e collaborare | I7: 3.3 Regole, sconfitta e vittoria | J7: 4.1 Muoversi negli ambienti | K7: 4.2 Alimentazione ed esercizio | L7: 4.3 Prevenzione e sicurezza | M7: n. voti | N7: Media voti | O7: Valore finale | P7: Giudizio calcolato | Q7: Giudizio definitivo | R7: n. voti | S7: Media voti | T7: Valore finale | U7: Giudizio calcolato | V7: Giudizio definitivo | W7: Media | X7: Giudizio calcolato | Y7: Giudizio definitivo | Z7: Media | AA7: Giudizio calcolato | AB7: Giudizio definitivo | AC7: Rubrica di processo (10–5) | AD7: Prove da recuperare | AE7: Avvisi | AF7: Ob. A | AG7: Ob. B | AH7: Tecnologia | AI7: Ed. civica | AJ7: 1.1 Traiettorie, ritmi, organizzazione | AK7: 2.1 Sequenze e coreografie | AL7: 3.1 Modalità esecutive gioco-sport | AM7: 3.2 Partecipare e collaborare | AN7: 3.3 Regole, sconfitta e vittoria | AO7: 4.1 Muoversi negli ambienti | AP7: 4.2 Alimentazione ed esercizio | AQ7: 4.3 Prevenzione e sicurezza | AR7: n. voti | AS7: Media voti | AT7: Valore finale | AU7: Giudizio calcolato | AV7: Giudizio definitivo | AW7: n. voti | AX7: Media voti | AY7: Valore finale | AZ7: Giudizio calcolato | BA7: Giudizio definitivo | BB7: Media | BC7: Giudizio calcolato | BD7: Giudizio definitivo | BE7: Media | BF7: Giudizio calcolato | BG7: Giudizio definitivo | BH7: Rubrica di processo (10–5) | BI7: Prove da recuperare | BJ7: Avvisi | BK7: Ob. A | BL7: Ob. B | BM7: Tecnologia | BN7: Ed. civica | BO7: Commento del docente
A8: 1 | B8: =IFERROR(INDEX(Alunni!$C$1:$C$1000,MATCH($A8,Alunni!$A$1:$A$1000,0))&"","") -> Rossi Mario (esempio) | C8: =IFERROR(INDEX(Alunni!$D$1:$D$1000,MATCH($A8,Alunni!$A$1:$A$1000,0))&"","") -> Attivo | D8: =IFERROR(INDEX(Alunni!$E$1:$E$1000,MATCH($A8,Alunni!$A$1:$A$1000,0))&"","") | E8: =IF($B8="","",IFERROR(ROUND(SUMPRODUCT((Dati!$C$3:$AP$3="1.1")*INDEX(Dati!$C$1:$AP$1000,MATCH($A8,Dati!$A$1:$A$1000,0),0)*INDEX(Dati!$CE$1:$DR$1000,MATCH($A8,Dati!$A$1:$A$1000,0),0))/SUMPRODUCT((Dati!$C$3:$AP$3="1.1")*INDEX(Dati!$CE$1:$DR$1000,MATCH($A8,Dati!$A$1:$A$1000,0),0)),2),"")) -> 8 | F8: =IF($B8="","",IFERROR(ROUND(SUMPRODUCT((Dati!$C$3:$AP$3="2.1")*INDEX(Dati!$C$1:$AP$1000,MATCH($A8,Dati!$A$1:$A$1000,0),0)*INDEX(Dati!$CE$1:$DR$1000,MATCH($A8,Dati!$A$1:$A$1000,0),0))/SUMPRODUCT((Dati!$C$3:$AP$3="2.1")*INDEX(Dati!$CE$1:$DR$1000,MATCH($A8,Dati!$A$1:$A$1000,0),0)),2),"")) | G8: =IF($B8="","",IFERROR(ROUND(SUMPRODUCT((Dati!$C$3:$AP$3="3.1")*INDEX(Dati!$C$1:$AP$1000,MATCH($A8,Dati!$A$1:$A$1000,0),0)*INDEX(Dati!$CE$1:$DR$1000,MATCH($A8,Dati!$A$1:$A$1000,0),0))/SUMPRODUCT((Dati!$C$3:$AP$3="3.1")*INDEX(Dati!$CE$1:$DR$1000,MATCH($A8,Dati!$A$1:$A$1000,0),0)),2),"")) -> 8 | H8: =IF($B8="","",IFERROR(ROUND(SUMPRODUCT((Dati!$C$3:$AP$3="3.2")*INDEX(Dati!$C$1:$AP$1000,MATCH($A8,Dati!$A$1:$A$1000,0),0)*INDEX(Dati!$CE$1:$DR$1000,MATCH($A8,Dati!$A$1:$A$1000,0),0))/SUMPRODUCT((Dati!$C$3:$AP$3="3.2")*INDEX(Dati!$CE$1:$DR$1000,MATCH($A8,Dati!$A$1:$A$1000,0),0)),2),"")) | I8: =IF($B8="","",IFERROR(ROUND(SUMPRODUCT((Dati!$C$3:$AP$3="3.3")*INDEX(Dati!$C$1:$AP$1000,MATCH($A8,Dati!$A$1:$A$1000,0),0)*INDEX(Dati!$CE$1:$DR$1000,MATCH($A8,Dati!$A$1:$A$1000,0),0))/SUMPRODUCT((Dati!$C$3:$AP$3="3.3")*INDEX(Dati!$CE$1:$DR$1000,MATCH($A8,Dati!$A$1:$A$1000,0),0)),2),"")) -> 8 | J8: =IF($B8="","",IFERROR(ROUND(SUMPRODUCT((Dati!$C$3:$AP$3="4.1")*INDEX(Dati!$C$1:$AP$1000,MATCH($A8,Dati!$A$1:$A$1000,0),0)*INDEX(Dati!$CE$1:$DR$1000,MATCH($A8,Dati!$A$1:$A$1000,0),0))/SUMPRODUCT((Dati!$C$3:$AP$3="4.1")*INDEX(Dati!$CE$1:$DR$1000,MATCH($A8,Dati!$A$1:$A$1000,0),0)),2),"")) | K8: =IF($B8="","",IFERROR(ROUND(SUMPRODUCT((Dati!$C$3:$AP$3="4.2")*INDEX(Dati!$C$1:$AP$1000,MATCH($A8,Dati!$A$1:$A$1000,0),0)*INDEX(Dati!$CE$1:$DR$1000,MATCH($A8,Dati!$A$1:$A$1000,0),0))/SUMPRODUCT((Dati!$C$3:$AP$3="4.2")*INDEX(Dati!$CE$1:$DR$1000,MATCH($A8,Dati!$A$1:$A$1000,0),0)),2),"")) | L8: =IF($B8="","",IFERROR(ROUND(SUMPRODUCT((Dati!$C$3:$AP$3="4.3")*INDEX(Dati!$C$1:$AP$1000,MATCH($A8,Dati!$A$1:$A$1000,0),0)*INDEX(Dati!$CE$1:$DR$1000,MATCH($A8,Dati!$A$1:$A$1000,0),0))/SUMPRODUCT((Dati!$C$3:$AP$3="4.3")*INDEX(Dati!$CE$1:$DR$1000,MATCH($A8,Dati!$A$1:$A$1000,0),0)),2),"")) | M8: =IF($B8="","",IFERROR(SUMPRODUCT((Dati!$C$4:$AP$4="A")*(INDEX(Dati!$CE$1:$DR$1000,MATCH($A8,Dati!$A$1:$A$1000,0),0)>0)),0)) -> 2 | N8: =IF($B8="","",IFERROR(ROUND(SUMPRODUCT((Dati!$C$4:$AP$4="A")*INDEX(Dati!$C$1:$AP$1000,MATCH($A8,Dati!$A$1:$A$1000,0),0)*INDEX(Dati!$CE$1:$DR$1000,MATCH($A8,Dati!$A$1:$A$1000,0),0))/SUMPRODUCT((Dati!$C$4:$AP$4="A")*INDEX(Dati!$CE$1:$DR$1000,MATCH($A8,Dati!$A$1:$A$1000,0),0)),2),"")) -> 8 | O8: =IF(N8="","",IF(ISNUMBER(AC8),ROUND(Impostazioni!$B$12*N8+Impostazioni!$B$13*AC8,2),N8)) -> 8 | P8: =IF(O8="","",LOOKUP(O8,Impostazioni!$E$4:$E$9,Impostazioni!$F$4:$F$9)) -> Buono | R8: =IF($B8="","",IFERROR(SUMPRODUCT((Dati!$C$4:$AP$4="B")*(INDEX(Dati!$CE$1:$DR$1000,MATCH($A8,Dati!$A$1:$A$1000,0),0)>0)),0)) -> 2 | S8: =IF($B8="","",IFERROR(ROUND(SUMPRODUCT((Dati!$C$4:$AP$4="B")*INDEX(Dati!$C$1:$AP$1000,MATCH($A8,Dati!$A$1:$A$1000,0),0)*INDEX(Dati!$CE$1:$DR$1000,MATCH($A8,Dati!$A$1:$A$1000,0),0))/SUMPRODUCT((Dati!$C$4:$AP$4="B")*INDEX(Dati!$CE$1:$DR$1000,MATCH($A8,Dati!$A$1:$A$1000,0),0)),2),"")) -> 8 | T8: =IF(S8="","",IF(ISNUMBER(AC8),ROUND(Impostazioni!$B$12*S8+Impostazioni!$B$13*AC8,2),S8)) -> 8 | U8: =IF(T8="","",LOOKUP(T8,Impostazioni!$E$4:$E$9,Impostazioni!$F$4:$F$9)) -> Buono | W8: =IF($B8="","",IFERROR(ROUND(SUMPRODUCT((Dati!$C$4:$AP$4="TEC")*INDEX(Dati!$C$1:$AP$1000,MATCH($A8,Dati!$A$1:$A$1000,0),0)*INDEX(Dati!$CE$1:$DR$1000,MATCH($A8,Dati!$A$1:$A$1000,0),0))/SUMPRODUCT((Dati!$C$4:$AP$4="TEC")*INDEX(Dati!$CE$1:$DR$1000,MATCH($A8,Dati!$A$1:$A$1000,0),0)),2),"")) -> 7 | X8: =IF(W8="","",LOOKUP(W8,Impostazioni!$E$4:$E$9,Impostazioni!$F$4:$F$9)) -> Discreto | Z8: =IF($B8="","",IFERROR(ROUND(SUMPRODUCT((Dati!$C$4:$AP$4="CIV")*INDEX(Dati!$C$1:$AP$1000,MATCH($A8,Dati!$A$1:$A$1000,0),0)*INDEX(Dati!$CE$1:$DR$1000,MATCH($A8,Dati!$A$1:$A$1000,0),0))/SUMPRODUCT((Dati!$C$4:$AP$4="CIV")*INDEX(Dati!$CE$1:$DR$1000,MATCH($A8,Dati!$A$1:$A$1000,0),0)),2),"")) | AA8: =IF(Z8="","",LOOKUP(Z8,Impostazioni!$E$4:$E$9,Impostazioni!$F$4:$F$9)) | AD8: =IF($B8="","",IFERROR(SUM(INDEX(Dati!$FG$1:$FP$1000,MATCH($A8,Dati!$A$1:$A$1000,0),0)),0)) -> 0 | AE8: =IF($B8="","",IF($C8="ES","Esonerato: concordare con referente e dirigente",IF($C8="Ritirato","Ritirato",TRIM(IF(OR(N(M8)<Impostazioni!$B$14,N(R8)<Impostazioni!$B$14),"Pochi voti: valutazione alternativa (scritta/orale). ","")&IF(N(AD8)>0,"Da recuperare: "&AD8&". ","")&IF($D8="OP","Riferito agli obiettivi personalizzati.",""))))) | AF8: =IF($B8="","",IF($C8="ES","ES",IF(Q8<>"",Q8,P8))) -> Buono | AG8: =IF($B8="","",IF($C8="ES","ES",IF(V8<>"",V8,U8))) -> Buono | AH8: =IF($B8="","",IF($C8="ES","ES",IF(Y8<>"",Y8,X8))) -> Discreto | AI8: =IF($B8="","",IF($C8="ES","ES",IF(AB8<>"",AB8,AA8))) | AJ8: =IF($B8="","",IFERROR(ROUND(SUMPRODUCT((Dati!$AQ$3:$CD$3="1.1")*INDEX(Dati!$AQ$1:$CD$1000,MATCH($A8,Dati!$A$1:$A$1000,0),0)*INDEX(Dati!$DS$1:$FF$1000,MATCH($A8,Dati!$A$1:$A$1000,0),0))/SUMPRODUCT((Dati!$AQ$3:$CD$3="1.1")*INDEX(Dati!$DS$1:$FF$1000,MATCH($A8,Dati!$A$1:$A$1000,0),0)),2),"")) | AK8: =IF($B8="","",IFERROR(ROUND(SUMPRODUCT((Dati!$AQ$3:$CD$3="2.1")*INDEX(Dati!$AQ$1:$CD$1000,MATCH($A8,Dati!$A$1:$A$1000,0),0)*INDEX(Dati!$DS$1:$FF$1000,MATCH($A8,Dati!$A$1:$A$1000,0),0))/SUMPRODUCT((Dati!$AQ$3:$CD$3="2.1")*INDEX(Dati!$DS$1:$FF$1000,MATCH($A8,Dati!$A$1:$A$1000,0),0)),2),"")) | AL8: =IF($B8="","",IFERROR(ROUND(SUMPRODUCT((Dati!$AQ$3:$CD$3="3.1")*INDEX(Dati!$AQ$1:$CD$1000,MATCH($A8,Dati!$A$1:$A$1000,0),0)*INDEX(Dati!$DS$1:$FF$1000,MATCH($A8,Dati!$A$1:$A$1000,0),0))/SUMPRODUCT((Dati!$AQ$3:$CD$3="3.1")*INDEX(Dati!$DS$1:$FF$1000,MATCH($A8,Dati!$A$1:$A$1000,0),0)),2),"")) | AM8: =IF($B8="","",IFERROR(ROUND(SUMPRODUCT((Dati!$AQ$3:$CD$3="3.2")*INDEX(Dati!$AQ$1:$CD$1000,MATCH($A8,Dati!$A$1:$A$1000,0),0)*INDEX(Dati!$DS$1:$FF$1000,MATCH($A8,Dati!$A$1:$A$1000,0),0))/SUMPRODUCT((Dati!$AQ$3:$CD$3="3.2")*INDEX(Dati!$DS$1:$FF$1000,MATCH($A8,Dati!$A$1:$A$1000,0),0)),2),"")) | AN8: =IF($B8="","",IFERROR(ROUND(SUMPRODUCT((Dati!$AQ$3:$CD$3="3.3")*INDEX(Dati!$AQ$1:$CD$1000,MATCH($A8,Dati!$A$1:$A$1000,0),0)*INDEX(Dati!$DS$1:$FF$1000,MATCH($A8,Dati!$A$1:$A$1000,0),0))/SUMPRODUCT((Dati!$AQ$3:$CD$3="3.3")*INDEX(Dati!$DS$1:$FF$1000,MATCH($A8,Dati!$A$1:$A$1000,0),0)),2),"")) | AO8: =IF($B8="","",IFERROR(ROUND(SUMPRODUCT((Dati!$AQ$3:$CD$3="4.1")*INDEX(Dati!$AQ$1:$CD$1000,MATCH($A8,Dati!$A$1:$A$1000,0),0)*INDEX(Dati!$DS$1:$FF$1000,MATCH($A8,Dati!$A$1:$A$1000,0),0))/SUMPRODUCT((Dati!$AQ$3:$CD$3="4.1")*INDEX(Dati!$DS$1:$FF$1000,MATCH($A8,Dati!$A$1:$A$1000,0),0)),2),"")) | AP8: =IF($B8="","",IFERROR(ROUND(SUMPRODUCT((Dati!$AQ$3:$CD$3="4.2")*INDEX(Dati!$AQ$1:$CD$1000,MATCH($A8,Dati!$A$1:$A$1000,0),0)*INDEX(Dati!$DS$1:$FF$1000,MATCH($A8,Dati!$A$1:$A$1000,0),0))/SUMPRODUCT((Dati!$AQ$3:$CD$3="4.2")*INDEX(Dati!$DS$1:$FF$1000,MATCH($A8,Dati!$A$1:$A$1000,0),0)),2),"")) | AQ8: =IF($B8="","",IFERROR(ROUND(SUMPRODUCT((Dati!$AQ$3:$CD$3="4.3")*INDEX(Dati!$AQ$1:$CD$1000,MATCH($A8,Dati!$A$1:$A$1000,0),0)*INDEX(Dati!$DS$1:$FF$1000,MATCH($A8,Dati!$A$1:$A$1000,0),0))/SUMPRODUCT((Dati!$AQ$3:$CD$3="4.3")*INDEX(Dati!$DS$1:$FF$1000,MATCH($A8,Dati!$A$1:$A$1000,0),0)),2),"")) | AR8: =IF($B8="","",IFERROR(SUMPRODUCT((Dati!$AQ$4:$CD$4="A")*(INDEX(Dati!$DS$1:$FF$1000,MATCH($A8,Dati!$A$1:$A$1000,0),0)>0)),0)) -> 0 | AS8: =IF($B8="","",IFERROR(ROUND(SUMPRODUCT((Dati!$AQ$4:$CD$4="A")*INDEX(Dati!$AQ$1:$CD$1000,MATCH($A8,Dati!$A$1:$A$1000,0),0)*INDEX(Dati!$DS$1:$FF$1000,MATCH($A8,Dati!$A$1:$A$1000,0),0))/SUMPRODUCT((Dati!$AQ$4:$CD$4="A")*INDEX(Dati!$DS$1:$FF$1000,MATCH($A8,Dati!$A$1:$A$1000,0),0)),2),"")) | AT8: =IF(AS8="","",IF(ISNUMBER(BH8),ROUND(Impostazioni!$B$12*AS8+Impostazioni!$B$13*BH8,2),AS8)) | AU8: =IF(AT8="","",LOOKUP(AT8,Impostazioni!$E$4:$E$9,Impostazioni!$F$4:$F$9)) | AW8: =IF($B8="","",IFERROR(SUMPRODUCT((Dati!$AQ$4:$CD$4="B")*(INDEX(Dati!$DS$1:$FF$1000,MATCH($A8,Dati!$A$1:$A$1000,0),0)>0)),0)) -> 0 | AX8: =IF($B8="","",IFERROR(ROUND(SUMPRODUCT((Dati!$AQ$4:$CD$4="B")*INDEX(Dati!$AQ$1:$CD$1000,MATCH($A8,Dati!$A$1:$A$1000,0),0)*INDEX(Dati!$DS$1:$FF$1000,MATCH($A8,Dati!$A$1:$A$1000,0),0))/SUMPRODUCT((Dati!$AQ$4:$CD$4="B")*INDEX(Dati!$DS$1:$FF$1000,MATCH($A8,Dati!$A$1:$A$1000,0),0)),2),"")) | AY8: =IF(AX8="","",IF(ISNUMBER(BH8),ROUND(Impostazioni!$B$12*AX8+Impostazioni!$B$13*BH8,2),AX8)) | AZ8: =IF(AY8="","",LOOKUP(AY8,Impostazioni!$E$4:$E$9,Impostazioni!$F$4:$F$9)) | BB8: =IF($B8="","",IFERROR(ROUND(SUMPRODUCT((Dati!$AQ$4:$CD$4="TEC")*INDEX(Dati!$AQ$1:$CD$1000,MATCH($A8,Dati!$A$1:$A$1000,0),0)*INDEX(Dati!$DS$1:$FF$1000,MATCH($A8,Dati!$A$1:$A$1000,0),0))/SUMPRODUCT((Dati!$AQ$4:$CD$4="TEC")*INDEX(Dati!$DS$1:$FF$1000,MATCH($A8,Dati!$A$1:$A$1000,0),0)),2),"")) | BC8: =IF(BB8="","",LOOKUP(BB8,Impostazioni!$E$4:$E$9,Impostazioni!$F$4:$F$9)) | BE8: =IF($B8="","",IFERROR(ROUND(SUMPRODUCT((Dati!$AQ$4:$CD$4="CIV")*INDEX(Dati!$AQ$1:$CD$1000,MATCH($A8,Dati!$A$1:$A$1000,0),0)*INDEX(Dati!$DS$1:$FF$1000,MATCH($A8,Dati!$A$1:$A$1000,0),0))/SUMPRODUCT((Dati!$AQ$4:$CD$4="CIV")*INDEX(Dati!$DS$1:$FF$1000,MATCH($A8,Dati!$A$1:$A$1000,0),0)),2),"")) | BF8: =IF(BE8="","",LOOKUP(BE8,Impostazioni!$E$4:$E$9,Impostazioni!$F$4:$F$9)) | BI8: =IF($B8="","",IFERROR(SUM(INDEX(Dati!$FQ$1:$FZ$1000,MATCH($A8,Dati!$A$1:$A$1000,0),0)),0)) -> 0 | BJ8: =IF($B8="","",IF($C8="ES","Esonerato: concordare con referente e dirigente",IF($C8="Ritirato","Ritirato",TRIM(IF(OR(N(AR8)<Impostazioni!$B$14,N(AW8)<Impostazioni!$B$14),"Pochi voti: valutazione alternativa (scritta/orale). ","")&IF(N(BI8)>0,"Da recuperare: "&BI8&". ","")&IF($D8="OP","Riferito agli obiettivi personalizzati.",""))))) -> Pochi voti: valutazione alternativa (scritta/orale). | BK8: =IF($B8="","",IF($C8="ES","ES",IF(AV8<>"",AV8,AU8))) | BL8: =IF($B8="","",IF($C8="ES","ES",IF(BA8<>"",BA8,AZ8))) | BM8: =IF($B8="","",IF($C8="ES","ES",IF(BD8<>"",BD8,BC8))) | BN8: =IF($B8="","",IF($C8="ES","ES",IF(BG8<>"",BG8,BF8)))
A9: 2 | B9: =IFERROR(INDEX(Alunni!$C$1:$C$1000,MATCH($A9,Alunni!$A$1:$A$1000,0))&"","") -> Bianchi Anna (esempio) | C9: =IFERROR(INDEX(Alunni!$D$1:$D$1000,MATCH($A9,Alunni!$A$1:$A$1000,0))&"","") -> Attivo | D9: =IFERROR(INDEX(Alunni!$E$1:$E$1000,MATCH($A9,Alunni!$A$1:$A$1000,0))&"","") -> OP | E9: =IF($B9="","",IFERROR(ROUND(SUMPRODUCT((Dati!$C$3:$AP$3="1.1")*INDEX(Dati!$C$1:$AP$1000,MATCH($A9,Dati!$A$1:$A$1000,0),0)*INDEX(Dati!$CE$1:$DR$1000,MATCH($A9,Dati!$A$1:$A$1000,0),0))/SUMPRODUCT((Dati!$C$3:$AP$3="1.1")*INDEX(Dati!$CE$1:$DR$1000,MATCH($A9,Dati!$A$1:$A$1000,0),0)),2),"")) -> 7 | F9: =IF($B9="","",IFERROR(ROUND(SUMPRODUCT((Dati!$C$3:$AP$3="2.1")*INDEX(Dati!$C$1:$AP$1000,MATCH($A9,Dati!$A$1:$A$1000,0),0)*INDEX(Dati!$CE$1:$DR$1000,MATCH($A9,Dati!$A$1:$A$1000,0),0))/SUMPRODUCT((Dati!$C$3:$AP$3="2.1")*INDEX(Dati!$CE$1:$DR$1000,MATCH($A9,Dati!$A$1:$A$1000,0),0)),2),"")) | G9: =IF($B9="","",IFERROR(ROUND(SUMPRODUCT((Dati!$C$3:$AP$3="3.1")*INDEX(Dati!$C$1:$AP$1000,MATCH($A9,Dati!$A$1:$A$1000,0),0)*INDEX(Dati!$CE$1:$DR$1000,MATCH($A9,Dati!$A$1:$A$1000,0),0))/SUMPRODUCT((Dati!$C$3:$AP$3="3.1")*INDEX(Dati!$CE$1:$DR$1000,MATCH($A9,Dati!$A$1:$A$1000,0),0)),2),"")) -> 9 | H9: =IF($B9="","",IFERROR(ROUND(SUMPRODUCT((Dati!$C$3:$AP$3="3.2")*INDEX(Dati!$C$1:$AP$1000,MATCH($A9,Dati!$A$1:$A$1000,0),0)*INDEX(Dati!$CE$1:$DR$1000,MATCH($A9,Dati!$A$1:$A$1000,0),0))/SUMPRODUCT((Dati!$C$3:$AP$3="3.2")*INDEX(Dati!$CE$1:$DR$1000,MATCH($A9,Dati!$A$1:$A$1000,0),0)),2),"")) | I9: =IF($B9="","",IFERROR(ROUND(SUMPRODUCT((Dati!$C$3:$AP$3="3.3")*INDEX(Dati!$C$1:$AP$1000,MATCH($A9,Dati!$A$1:$A$1000,0),0)*INDEX(Dati!$CE$1:$DR$1000,MATCH($A9,Dati!$A$1:$A$1000,0),0))/SUMPRODUCT((Dati!$C$3:$AP$3="3.3")*INDEX(Dati!$CE$1:$DR$1000,MATCH($A9,Dati!$A$1:$A$1000,0),0)),2),"")) -> 8 | J9: =IF($B9="","",IFERROR(ROUND(SUMPRODUCT((Dati!$C$3:$AP$3="4.1")*INDEX(Dati!$C$1:$AP$1000,MATCH($A9,Dati!$A$1:$A$1000,0),0)*INDEX(Dati!$CE$1:$DR$1000,MATCH($A9,Dati!$A$1:$A$1000,0),0))/SUMPRODUCT((Dati!$C$3:$AP$3="4.1")*INDEX(Dati!$CE$1:$DR$1000,MATCH($A9,Dati!$A$1:$A$1000,0),0)),2),"")) | K9: =IF($B9="","",IFERROR(ROUND(SUMPRODUCT((Dati!$C$3:$AP$3="4.2")*INDEX(Dati!$C$1:$AP$1000,MATCH($A9,Dati!$A$1:$A$1000,0),0)*INDEX(Dati!$CE$1:$DR$1000,MATCH($A9,Dati!$A$1:$A$1000,0),0))/SUMPRODUCT((Dati!$C$3:$AP$3="4.2")*INDEX(Dati!$CE$1:$DR$1000,MATCH($A9,Dati!$A$1:$A$1000,0),0)),2),"")) | L9: =IF($B9="","",IFERROR(ROUND(SUMPRODUCT((Dati!$C$3:$AP$3="4.3")*INDEX(Dati!$C$1:$AP$1000,MATCH($A9,Dati!$A$1:$A$1000,0),0)*INDEX(Dati!$CE$1:$DR$1000,MATCH($A9,Dati!$A$1:$A$1000,0),0))/SUMPRODUCT((Dati!$C$3:$AP$3="4.3")*INDEX(Dati!$CE$1:$DR$1000,MATCH($A9,Dati!$A$1:$A$1000,0),0)),2),"")) | M9: =IF($B9="","",IFERROR(SUMPRODUCT((Dati!$C$4:$AP$4="A")*(INDEX(Dati!$CE$1:$DR$1000,MATCH($A9,Dati!$A$1:$A$1000,0),0)>0)),0)) -> 1 | N9: =IF($B9="","",IFERROR(ROUND(SUMPRODUCT((Dati!$C$4:$AP$4="A")*INDEX(Dati!$C$1:$AP$1000,MATCH($A9,Dati!$A$1:$A$1000,0),0)*INDEX(Dati!$CE$1:$DR$1000,MATCH($A9,Dati!$A$1:$A$1000,0),0))/SUMPRODUCT((Dati!$C$4:$AP$4="A")*INDEX(Dati!$CE$1:$DR$1000,MATCH($A9,Dati!$A$1:$A$1000,0),0)),2),"")) -> 7 | O9: =IF(N9="","",IF(ISNUMBER(AC9),ROUND(Impostazioni!$B$12*N9+Impostazioni!$B$13*AC9,2),N9)) -> 7 | P9: =IF(O9="","",LOOKUP(O9,Impostazioni!$E$4:$E$9,Impostazioni!$F$4:$F$9)) -> Discreto | R9: =IF($B9="","",IFERROR(SUMPRODUCT((Dati!$C$4:$AP$4="B")*(INDEX(Dati!$CE$1:$DR$1000,MATCH($A9,Dati!$A$1:$A$1000,0),0)>0)),0)) -> 2 | S9: =IF($B9="","",IFERROR(ROUND(SUMPRODUCT((Dati!$C$4:$AP$4="B")*INDEX(Dati!$C$1:$AP$1000,MATCH($A9,Dati!$A$1:$A$1000,0),0)*INDEX(Dati!$CE$1:$DR$1000,MATCH($A9,Dati!$A$1:$A$1000,0),0))/SUMPRODUCT((Dati!$C$4:$AP$4="B")*INDEX(Dati!$CE$1:$DR$1000,MATCH($A9,Dati!$A$1:$A$1000,0),0)),2),"")) -> 8.5 | T9: =IF(S9="","",IF(ISNUMBER(AC9),ROUND(Impostazioni!$B$12*S9+Impostazioni!$B$13*AC9,2),S9)) -> 8.5 | U9: =IF(T9="","",LOOKUP(T9,Impostazioni!$E$4:$E$9,Impostazioni!$F$4:$F$9)) -> Distinto | W9: =IF($B9="","",IFERROR(ROUND(SUMPRODUCT((Dati!$C$4:$AP$4="TEC")*INDEX(Dati!$C$1:$AP$1000,MATCH($A9,Dati!$A$1:$A$1000,0),0)*INDEX(Dati!$CE$1:$DR$1000,MATCH($A9,Dati!$A$1:$A$1000,0),0))/SUMPRODUCT((Dati!$C$4:$AP$4="TEC")*INDEX(Dati!$CE$1:$DR$1000,MATCH($A9,Dati!$A$1:$A$1000,0),0)),2),"")) | X9: =IF(W9="","",LOOKUP(W9,Impostazioni!$E$4:$E$9,Impostazioni!$F$4:$F$9)) | Z9: =IF($B9="","",IFERROR(ROUND(SUMPRODUCT((Dati!$C$4:$AP$4="CIV")*INDEX(Dati!$C$1:$AP$1000,MATCH($A9,Dati!$A$1:$A$1000,0),0)*INDEX(Dati!$CE$1:$DR$1000,MATCH($A9,Dati!$A$1:$A$1000,0),0))/SUMPRODUCT((Dati!$C$4:$AP$4="CIV")*INDEX(Dati!$CE$1:$DR$1000,MATCH($A9,Dati!$A$1:$A$1000,0),0)),2),"")) | AA9: =IF(Z9="","",LOOKUP(Z9,Impostazioni!$E$4:$E$9,Impostazioni!$F$4:$F$9)) | AD9: =IF($B9="","",IFERROR(SUM(INDEX(Dati!$FG$1:$FP$1000,MATCH($A9,Dati!$A$1:$A$1000,0),0)),0)) -> 1 | AE9: =IF($B9="","",IF($C9="ES","Esonerato: concordare con referente e dirigente",IF($C9="Ritirato","Ritirato",TRIM(IF(OR(N(M9)<Impostazioni!$B$14,N(R9)<Impostazioni!$B$14),"Pochi voti: valutazione alternativa (scritta/orale). ","")&IF(N(AD9)>0,"Da recuperare: "&AD9&". ","")&IF($D9="OP","Riferito agli obiettivi personalizzati.",""))))) -> Pochi voti: valutazione alternativa (scritta/orale). Da recuperare: 1. Riferito agli obiettivi personalizzati. | AF9: =IF($B9="","",IF($C9="ES","ES",IF(Q9<>"",Q9,P9))) -> Discreto | AG9: =IF($B9="","",IF($C9="ES","ES",IF(V9<>"",V9,U9))) -> Distinto | AH9: =IF($B9="","",IF($C9="ES","ES",IF(Y9<>"",Y9,X9))) | AI9: =IF($B9="","",IF($C9="ES","ES",IF(AB9<>"",AB9,AA9))) | AJ9: =IF($B9="","",IFERROR(ROUND(SUMPRODUCT((Dati!$AQ$3:$CD$3="1.1")*INDEX(Dati!$AQ$1:$CD$1000,MATCH($A9,Dati!$A$1:$A$1000,0),0)*INDEX(Dati!$DS$1:$FF$1000,MATCH($A9,Dati!$A$1:$A$1000,0),0))/SUMPRODUCT((Dati!$AQ$3:$CD$3="1.1")*INDEX(Dati!$DS$1:$FF$1000,MATCH($A9,Dati!$A$1:$A$1000,0),0)),2),"")) | AK9: =IF($B9="","",IFERROR(ROUND(SUMPRODUCT((Dati!$AQ$3:$CD$3="2.1")*INDEX(Dati!$AQ$1:$CD$1000,MATCH($A9,Dati!$A$1:$A$1000,0),0)*INDEX(Dati!$DS$1:$FF$1000,MATCH($A9,Dati!$A$1:$A$1000,0),0))/SUMPRODUCT((Dati!$AQ$3:$CD$3="2.1")*INDEX(Dati!$DS$1:$FF$1000,MATCH($A9,Dati!$A$1:$A$1000,0),0)),2),"")) | AL9: =IF($B9="","",IFERROR(ROUND(SUMPRODUCT((Dati!$AQ$3:$CD$3="3.1")*INDEX(Dati!$AQ$1:$CD$1000,MATCH($A9,Dati!$A$1:$A$1000,0),0)*INDEX(Dati!$DS$1:$FF$1000,MATCH($A9,Dati!$A$1:$A$1000,0),0))/SUMPRODUCT((Dati!$AQ$3:$CD$3="3.1")*INDEX(Dati!$DS$1:$FF$1000,MATCH($A9,Dati!$A$1:$A$1000,0),0)),2),"")) | AM9: =IF($B9="","",IFERROR(ROUND(SUMPRODUCT((Dati!$AQ$3:$CD$3="3.2")*INDEX(Dati!$AQ$1:$CD$1000,MATCH($A9,Dati!$A$1:$A$1000,0),0)*INDEX(Dati!$DS$1:$FF$1000,MATCH($A9,Dati!$A$1:$A$1000,0),0))/SUMPRODUCT((Dati!$AQ$3:$CD$3="3.2")*INDEX(Dati!$DS$1:$FF$1000,MATCH($A9,Dati!$A$1:$A$1000,0),0)),2),"")) | AN9: =IF($B9="","",IFERROR(ROUND(SUMPRODUCT((Dati!$AQ$3:$CD$3="3.3")*INDEX(Dati!$AQ$1:$CD$1000,MATCH($A9,Dati!$A$1:$A$1000,0),0)*INDEX(Dati!$DS$1:$FF$1000,MATCH($A9,Dati!$A$1:$A$1000,0),0))/SUMPRODUCT((Dati!$AQ$3:$CD$3="3.3")*INDEX(Dati!$DS$1:$FF$1000,MATCH($A9,Dati!$A$1:$A$1000,0),0)),2),"")) | AO9: =IF($B9="","",IFERROR(ROUND(SUMPRODUCT((Dati!$AQ$3:$CD$3="4.1")*INDEX(Dati!$AQ$1:$CD$1000,MATCH($A9,Dati!$A$1:$A$1000,0),0)*INDEX(Dati!$DS$1:$FF$1000,MATCH($A9,Dati!$A$1:$A$1000,0),0))/SUMPRODUCT((Dati!$AQ$3:$CD$3="4.1")*INDEX(Dati!$DS$1:$FF$1000,MATCH($A9,Dati!$A$1:$A$1000,0),0)),2),"")) | AP9: =IF($B9="","",IFERROR(ROUND(SUMPRODUCT((Dati!$AQ$3:$CD$3="4.2")*INDEX(Dati!$AQ$1:$CD$1000,MATCH($A9,Dati!$A$1:$A$1000,0),0)*INDEX(Dati!$DS$1:$FF$1000,MATCH($A9,Dati!$A$1:$A$1000,0),0))/SUMPRODUCT((Dati!$AQ$3:$CD$3="4.2")*INDEX(Dati!$DS$1:$FF$1000,MATCH($A9,Dati!$A$1:$A$1000,0),0)),2),"")) | AQ9: =IF($B9="","",IFERROR(ROUND(SUMPRODUCT((Dati!$AQ$3:$CD$3="4.3")*INDEX(Dati!$AQ$1:$CD$1000,MATCH($A9,Dati!$A$1:$A$1000,0),0)*INDEX(Dati!$DS$1:$FF$1000,MATCH($A9,Dati!$A$1:$A$1000,0),0))/SUMPRODUCT((Dati!$AQ$3:$CD$3="4.3")*INDEX(Dati!$DS$1:$FF$1000,MATCH($A9,Dati!$A$1:$A$1000,0),0)),2),"")) | AR9: =IF($B9="","",IFERROR(SUMPRODUCT((Dati!$AQ$4:$CD$4="A")*(INDEX(Dati!$DS$1:$FF$1000,MATCH($A9,Dati!$A$1:$A$1000,0),0)>0)),0)) -> 0 | AS9: =IF($B9="","",IFERROR(ROUND(SUMPRODUCT((Dati!$AQ$4:$CD$4="A")*INDEX(Dati!$AQ$1:$CD$1000,MATCH($A9,Dati!$A$1:$A$1000,0),0)*INDEX(Dati!$DS$1:$FF$1000,MATCH($A9,Dati!$A$1:$A$1000,0),0))/SUMPRODUCT((Dati!$AQ$4:$CD$4="A")*INDEX(Dati!$DS$1:$FF$1000,MATCH($A9,Dati!$A$1:$A$1000,0),0)),2),"")) | AT9: =IF(AS9="","",IF(ISNUMBER(BH9),ROUND(Impostazioni!$B$12*AS9+Impostazioni!$B$13*BH9,2),AS9)) | AU9: =IF(AT9="","",LOOKUP(AT9,Impostazioni!$E$4:$E$9,Impostazioni!$F$4:$F$9)) | AW9: =IF($B9="","",IFERROR(SUMPRODUCT((Dati!$AQ$4:$CD$4="B")*(INDEX(Dati!$DS$1:$FF$1000,MATCH($A9,Dati!$A$1:$A$1000,0),0)>0)),0)) -> 0 | AX9: =IF($B9="","",IFERROR(ROUND(SUMPRODUCT((Dati!$AQ$4:$CD$4="B")*INDEX(Dati!$AQ$1:$CD$1000,MATCH($A9,Dati!$A$1:$A$1000,0),0)*INDEX(Dati!$DS$1:$FF$1000,MATCH($A9,Dati!$A$1:$A$1000,0),0))/SUMPRODUCT((Dati!$AQ$4:$CD$4="B")*INDEX(Dati!$DS$1:$FF$1000,MATCH($A9,Dati!$A$1:$A$1000,0),0)),2),"")) | AY9: =IF(AX9="","",IF(ISNUMBER(BH9),ROUND(Impostazioni!$B$12*AX9+Impostazioni!$B$13*BH9,2),AX9)) | AZ9: =IF(AY9="","",LOOKUP(AY9,Impostazioni!$E$4:$E$9,Impostazioni!$F$4:$F$9)) | BB9: =IF($B9="","",IFERROR(ROUND(SUMPRODUCT((Dati!$AQ$4:$CD$4="TEC")*INDEX(Dati!$AQ$1:$CD$1000,MATCH($A9,Dati!$A$1:$A$1000,0),0)*INDEX(Dati!$DS$1:$FF$1000,MATCH($A9,Dati!$A$1:$A$1000,0),0))/SUMPRODUCT((Dati!$AQ$4:$CD$4="TEC")*INDEX(Dati!$DS$1:$FF$1000,MATCH($A9,Dati!$A$1:$A$1000,0),0)),2),"")) | BC9: =IF(BB9="","",LOOKUP(BB9,Impostazioni!$E$4:$E$9,Impostazioni!$F$4:$F$9)) | BE9: =IF($B9="","",IFERROR(ROUND(SUMPRODUCT((Dati!$AQ$4:$CD$4="CIV")*INDEX(Dati!$AQ$1:$CD$1000,MATCH($A9,Dati!$A$1:$A$1000,0),0)*INDEX(Dati!$DS$1:$FF$1000,MATCH($A9,Dati!$A$1:$A$1000,0),0))/SUMPRODUCT((Dati!$AQ$4:$CD$4="CIV")*INDEX(Dati!$DS$1:$FF$1000,MATCH($A9,Dati!$A$1:$A$1000,0),0)),2),"")) | BF9: =IF(BE9="","",LOOKUP(BE9,Impostazioni!$E$4:$E$9,Impostazioni!$F$4:$F$9)) | BI9: =IF($B9="","",IFERROR(SUM(INDEX(Dati!$FQ$1:$FZ$1000,MATCH($A9,Dati!$A$1:$A$1000,0),0)),0)) -> 0 | BJ9: =IF($B9="","",IF($C9="ES","Esonerato: concordare con referente e dirigente",IF($C9="Ritirato","Ritirato",TRIM(IF(OR(N(AR9)<Impostazioni!$B$14,N(AW9)<Impostazioni!$B$14),"Pochi voti: valutazione alternativa (scritta/orale). ","")&IF(N(BI9)>0,"Da recuperare: "&BI9&". ","")&IF($D9="OP","Riferito agli obiettivi personalizzati.",""))))) -> Pochi voti: valutazione alternativa (scritta/orale). Riferito agli obiettivi personalizzati. | BK9: =IF($B9="","",IF($C9="ES","ES",IF(AV9<>"",AV9,AU9))) | BL9: =IF($B9="","",IF($C9="ES","ES",IF(BA9<>"",BA9,AZ9))) | BM9: =IF($B9="","",IF($C9="ES","ES",IF(BD9<>"",BD9,BC9))) | BN9: =IF($B9="","",IF($C9="ES","ES",IF(BG9<>"",BG9,BF9)))
A10: 3 | B10: =IFERROR(INDEX(Alunni!$C$1:$C$1000,MATCH($A10,Alunni!$A$1:$A$1000,0))&"","") -> Verdi Luca (esempio) | C10: =IFERROR(INDEX(Alunni!$D$1:$D$1000,MATCH($A10,Alunni!$A$1:$A$1000,0))&"","") -> ES | D10: =IFERROR(INDEX(Alunni!$E$1:$E$1000,MATCH($A10,Alunni!$A$1:$A$1000,0))&"","") | E10: =IF($B10="","",IFERROR(ROUND(SUMPRODUCT((Dati!$C$3:$AP$3="1.1")*INDEX(Dati!$C$1:$AP$1000,MATCH($A10,Dati!$A$1:$A$1000,0),0)*INDEX(Dati!$CE$1:$DR$1000,MATCH($A10,Dati!$A$1:$A$1000,0),0))/SUMPRODUCT((Dati!$C$3:$AP$3="1.1")*INDEX(Dati!$CE$1:$DR$1000,MATCH($A10,Dati!$A$1:$A$1000,0),0)),2),"")) | F10: =IF($B10="","",IFERROR(ROUND(SUMPRODUCT((Dati!$C$3:$AP$3="2.1")*INDEX(Dati!$C$1:$AP$1000,MATCH($A10,Dati!$A$1:$A$1000,0),0)*INDEX(Dati!$CE$1:$DR$1000,MATCH($A10,Dati!$A$1:$A$1000,0),0))/SUMPRODUCT((Dati!$C$3:$AP$3="2.1")*INDEX(Dati!$CE$1:$DR$1000,MATCH($A10,Dati!$A$1:$A$1000,0),0)),2),"")) | G10: =IF($B10="","",IFERROR(ROUND(SUMPRODUCT((Dati!$C$3:$AP$3="3.1")*INDEX(Dati!$C$1:$AP$1000,MATCH($A10,Dati!$A$1:$A$1000,0),0)*INDEX(Dati!$CE$1:$DR$1000,MATCH($A10,Dati!$A$1:$A$1000,0),0))/SUMPRODUCT((Dati!$C$3:$AP$3="3.1")*INDEX(Dati!$CE$1:$DR$1000,MATCH($A10,Dati!$A$1:$A$1000,0),0)),2),"")) | H10: =IF($B10="","",IFERROR(ROUND(SUMPRODUCT((Dati!$C$3:$AP$3="3.2")*INDEX(Dati!$C$1:$AP$1000,MATCH($A10,Dati!$A$1:$A$1000,0),0)*INDEX(Dati!$CE$1:$DR$1000,MATCH($A10,Dati!$A$1:$A$1000,0),0))/SUMPRODUCT((Dati!$C$3:$AP$3="3.2")*INDEX(Dati!$CE$1:$DR$1000,MATCH($A10,Dati!$A$1:$A$1000,0),0)),2),"")) | I10: =IF($B10="","",IFERROR(ROUND(SUMPRODUCT((Dati!$C$3:$AP$3="3.3")*INDEX(Dati!$C$1:$AP$1000,MATCH($A10,Dati!$A$1:$A$1000,0),0)*INDEX(Dati!$CE$1:$DR$1000,MATCH($A10,Dati!$A$1:$A$1000,0),0))/SUMPRODUCT((Dati!$C$3:$AP$3="3.3")*INDEX(Dati!$CE$1:$DR$1000,MATCH($A10,Dati!$A$1:$A$1000,0),0)),2),"")) | J10: =IF($B10="","",IFERROR(ROUND(SUMPRODUCT((Dati!$C$3:$AP$3="4.1")*INDEX(Dati!$C$1:$AP$1000,MATCH($A10,Dati!$A$1:$A$1000,0),0)*INDEX(Dati!$CE$1:$DR$1000,MATCH($A10,Dati!$A$1:$A$1000,0),0))/SUMPRODUCT((Dati!$C$3:$AP$3="4.1")*INDEX(Dati!$CE$1:$DR$1000,MATCH($A10,Dati!$A$1:$A$1000,0),0)),2),"")) | K10: =IF($B10="","",IFERROR(ROUND(SUMPRODUCT((Dati!$C$3:$AP$3="4.2")*INDEX(Dati!$C$1:$AP$1000,MATCH($A10,Dati!$A$1:$A$1000,0),0)*INDEX(Dati!$CE$1:$DR$1000,MATCH($A10,Dati!$A$1:$A$1000,0),0))/SUMPRODUCT((Dati!$C$3:$AP$3="4.2")*INDEX(Dati!$CE$1:$DR$1000,MATCH($A10,Dati!$A$1:$A$1000,0),0)),2),"")) | L10: =IF($B10="","",IFERROR(ROUND(SUMPRODUCT((Dati!$C$3:$AP$3="4.3")*INDEX(Dati!$C$1:$AP$1000,MATCH($A10,Dati!$A$1:$A$1000,0),0)*INDEX(Dati!$CE$1:$DR$1000,MATCH($A10,Dati!$A$1:$A$1000,0),0))/SUMPRODUCT((Dati!$C$3:$AP$3="4.3")*INDEX(Dati!$CE$1:$DR$1000,MATCH($A10,Dati!$A$1:$A$1000,0),0)),2),"")) | M10: =IF($B10="","",IFERROR(SUMPRODUCT((Dati!$C$4:$AP$4="A")*(INDEX(Dati!$CE$1:$DR$1000,MATCH($A10,Dati!$A$1:$A$1000,0),0)>0)),0)) -> 0 | N10: =IF($B10="","",IFERROR(ROUND(SUMPRODUCT((Dati!$C$4:$AP$4="A")*INDEX(Dati!$C$1:$AP$1000,MATCH($A10,Dati!$A$1:$A$1000,0),0)*INDEX(Dati!$CE$1:$DR$1000,MATCH($A10,Dati!$A$1:$A$1000,0),0))/SUMPRODUCT((Dati!$C$4:$AP$4="A")*INDEX(Dati!$CE$1:$DR$1000,MATCH($A10,Dati!$A$1:$A$1000,0),0)),2),"")) | O10: =IF(N10="","",IF(ISNUMBER(AC10),ROUND(Impostazioni!$B$12*N10+Impostazioni!$B$13*AC10,2),N10)) | P10: =IF(O10="","",LOOKUP(O10,Impostazioni!$E$4:$E$9,Impostazioni!$F$4:$F$9)) | R10: =IF($B10="","",IFERROR(SUMPRODUCT((Dati!$C$4:$AP$4="B")*(INDEX(Dati!$CE$1:$DR$1000,MATCH($A10,Dati!$A$1:$A$1000,0),0)>0)),0)) -> 0 | S10: =IF($B10="","",IFERROR(ROUND(SUMPRODUCT((Dati!$C$4:$AP$4="B")*INDEX(Dati!$C$1:$AP$1000,MATCH($A10,Dati!$A$1:$A$1000,0),0)*INDEX(Dati!$CE$1:$DR$1000,MATCH($A10,Dati!$A$1:$A$1000,0),0))/SUMPRODUCT((Dati!$C$4:$AP$4="B")*INDEX(Dati!$CE$1:$DR$1000,MATCH($A10,Dati!$A$1:$A$1000,0),0)),2),"")) | T10: =IF(S10="","",IF(ISNUMBER(AC10),ROUND(Impostazioni!$B$12*S10+Impostazioni!$B$13*AC10,2),S10)) | U10: =IF(T10="","",LOOKUP(T10,Impostazioni!$E$4:$E$9,Impostazioni!$F$4:$F$9)) | W10: =IF($B10="","",IFERROR(ROUND(SUMPRODUCT((Dati!$C$4:$AP$4="TEC")*INDEX(Dati!$C$1:$AP$1000,MATCH($A10,Dati!$A$1:$A$1000,0),0)*INDEX(Dati!$CE$1:$DR$1000,MATCH($A10,Dati!$A$1:$A$1000,0),0))/SUMPRODUCT((Dati!$C$4:$AP$4="TEC")*INDEX(Dati!$CE$1:$DR$1000,MATCH($A10,Dati!$A$1:$A$1000,0),0)),2),"")) | X10: =IF(W10="","",LOOKUP(W10,Impostazioni!$E$4:$E$9,Impostazioni!$F$4:$F$9)) | Z10: =IF($B10="","",IFERROR(ROUND(SUMPRODUCT((Dati!$C$4:$AP$4="CIV")*INDEX(Dati!$C$1:$AP$1000,MATCH($A10,Dati!$A$1:$A$1000,0),0)*INDEX(Dati!$CE$1:$DR$1000,MATCH($A10,Dati!$A$1:$A$1000,0),0))/SUMPRODUCT((Dati!$C$4:$AP$4="CIV")*INDEX(Dati!$CE$1:$DR$1000,MATCH($A10,Dati!$A$1:$A$1000,0),0)),2),"")) | AA10: =IF(Z10="","",LOOKUP(Z10,Impostazioni!$E$4:$E$9,Impostazioni!$F$4:$F$9)) | AD10: =IF($B10="","",IFERROR(SUM(INDEX(Dati!$FG$1:$FP$1000,MATCH($A10,Dati!$A$1:$A$1000,0),0)),0)) -> 0 | AE10: =IF($B10="","",IF($C10="ES","Esonerato: concordare con referente e dirigente",IF($C10="Ritirato","Ritirato",TRIM(IF(OR(N(M10)<Impostazioni!$B$14,N(R10)<Impostazioni!$B$14),"Pochi voti: valutazione alternativa (scritta/orale). ","")&IF(N(AD10)>0,"Da recuperare: "&AD10&". ","")&IF($D10="OP","Riferito agli obiettivi personalizzati.",""))))) -> Esonerato: concordare con referente e dirigente | AF10: =IF($B10="","",IF($C10="ES","ES",IF(Q10<>"",Q10,P10))) -> ES | AG10: =IF($B10="","",IF($C10="ES","ES",IF(V10<>"",V10,U10))) -> ES | AH10: =IF($B10="","",IF($C10="ES","ES",IF(Y10<>"",Y10,X10))) -> ES | AI10: =IF($B10="","",IF($C10="ES","ES",IF(AB10<>"",AB10,AA10))) -> ES | AJ10: =IF($B10="","",IFERROR(ROUND(SUMPRODUCT((Dati!$AQ$3:$CD$3="1.1")*INDEX(Dati!$AQ$1:$CD$1000,MATCH($A10,Dati!$A$1:$A$1000,0),0)*INDEX(Dati!$DS$1:$FF$1000,MATCH($A10,Dati!$A$1:$A$1000,0),0))/SUMPRODUCT((Dati!$AQ$3:$CD$3="1.1")*INDEX(Dati!$DS$1:$FF$1000,MATCH($A10,Dati!$A$1:$A$1000,0),0)),2),"")) | AK10: =IF($B10="","",IFERROR(ROUND(SUMPRODUCT((Dati!$AQ$3:$CD$3="2.1")*INDEX(Dati!$AQ$1:$CD$1000,MATCH($A10,Dati!$A$1:$A$1000,0),0)*INDEX(Dati!$DS$1:$FF$1000,MATCH($A10,Dati!$A$1:$A$1000,0),0))/SUMPRODUCT((Dati!$AQ$3:$CD$3="2.1")*INDEX(Dati!$DS$1:$FF$1000,MATCH($A10,Dati!$A$1:$A$1000,0),0)),2),"")) | AL10: =IF($B10="","",IFERROR(ROUND(SUMPRODUCT((Dati!$AQ$3:$CD$3="3.1")*INDEX(Dati!$AQ$1:$CD$1000,MATCH($A10,Dati!$A$1:$A$1000,0),0)*INDEX(Dati!$DS$1:$FF$1000,MATCH($A10,Dati!$A$1:$A$1000,0),0))/SUMPRODUCT((Dati!$AQ$3:$CD$3="3.1")*INDEX(Dati!$DS$1:$FF$1000,MATCH($A10,Dati!$A$1:$A$1000,0),0)),2),"")) | AM10: =IF($B10="","",IFERROR(ROUND(SUMPRODUCT((Dati!$AQ$3:$CD$3="3.2")*INDEX(Dati!$AQ$1:$CD$1000,MATCH($A10,Dati!$A$1:$A$1000,0),0)*INDEX(Dati!$DS$1:$FF$1000,MATCH($A10,Dati!$A$1:$A$1000,0),0))/SUMPRODUCT((Dati!$AQ$3:$CD$3="3.2")*INDEX(Dati!$DS$1:$FF$1000,MATCH($A10,Dati!$A$1:$A$1000,0),0)),2),"")) | AN10: =IF($B10="","",IFERROR(ROUND(SUMPRODUCT((Dati!$AQ$3:$CD$3="3.3")*INDEX(Dati!$AQ$1:$CD$1000,MATCH($A10,Dati!$A$1:$A$1000,0),0)*INDEX(Dati!$DS$1:$FF$1000,MATCH($A10,Dati!$A$1:$A$1000,0),0))/SUMPRODUCT((Dati!$AQ$3:$CD$3="3.3")*INDEX(Dati!$DS$1:$FF$1000,MATCH($A10,Dati!$A$1:$A$1000,0),0)),2),"")) | AO10: =IF($B10="","",IFERROR(ROUND(SUMPRODUCT((Dati!$AQ$3:$CD$3="4.1")*INDEX(Dati!$AQ$1:$CD$1000,MATCH($A10,Dati!$A$1:$A$1000,0),0)*INDEX(Dati!$DS$1:$FF$1000,MATCH($A10,Dati!$A$1:$A$1000,0),0))/SUMPRODUCT((Dati!$AQ$3:$CD$3="4.1")*INDEX(Dati!$DS$1:$FF$1000,MATCH($A10,Dati!$A$1:$A$1000,0),0)),2),"")) | AP10: =IF($B10="","",IFERROR(ROUND(SUMPRODUCT((Dati!$AQ$3:$CD$3="4.2")*INDEX(Dati!$AQ$1:$CD$1000,MATCH($A10,Dati!$A$1:$A$1000,0),0)*INDEX(Dati!$DS$1:$FF$1000,MATCH($A10,Dati!$A$1:$A$1000,0),0))/SUMPRODUCT((Dati!$AQ$3:$CD$3="4.2")*INDEX(Dati!$DS$1:$FF$1000,MATCH($A10,Dati!$A$1:$A$1000,0),0)),2),"")) | AQ10: =IF($B10="","",IFERROR(ROUND(SUMPRODUCT((Dati!$AQ$3:$CD$3="4.3")*INDEX(Dati!$AQ$1:$CD$1000,MATCH($A10,Dati!$A$1:$A$1000,0),0)*INDEX(Dati!$DS$1:$FF$1000,MATCH($A10,Dati!$A$1:$A$1000,0),0))/SUMPRODUCT((Dati!$AQ$3:$CD$3="4.3")*INDEX(Dati!$DS$1:$FF$1000,MATCH($A10,Dati!$A$1:$A$1000,0),0)),2),"")) | AR10: =IF($B10="","",IFERROR(SUMPRODUCT((Dati!$AQ$4:$CD$4="A")*(INDEX(Dati!$DS$1:$FF$1000,MATCH($A10,Dati!$A$1:$A$1000,0),0)>0)),0)) -> 0 | AS10: =IF($B10="","",IFERROR(ROUND(SUMPRODUCT((Dati!$AQ$4:$CD$4="A")*INDEX(Dati!$AQ$1:$CD$1000,MATCH($A10,Dati!$A$1:$A$1000,0),0)*INDEX(Dati!$DS$1:$FF$1000,MATCH($A10,Dati!$A$1:$A$1000,0),0))/SUMPRODUCT((Dati!$AQ$4:$CD$4="A")*INDEX(Dati!$DS$1:$FF$1000,MATCH($A10,Dati!$A$1:$A$1000,0),0)),2),"")) | AT10: =IF(AS10="","",IF(ISNUMBER(BH10),ROUND(Impostazioni!$B$12*AS10+Impostazioni!$B$13*BH10,2),AS10)) | AU10: =IF(AT10="","",LOOKUP(AT10,Impostazioni!$E$4:$E$9,Impostazioni!$F$4:$F$9)) | AW10: =IF($B10="","",IFERROR(SUMPRODUCT((Dati!$AQ$4:$CD$4="B")*(INDEX(Dati!$DS$1:$FF$1000,MATCH($A10,Dati!$A$1:$A$1000,0),0)>0)),0)) -> 0 | AX10: =IF($B10="","",IFERROR(ROUND(SUMPRODUCT((Dati!$AQ$4:$CD$4="B")*INDEX(Dati!$AQ$1:$CD$1000,MATCH($A10,Dati!$A$1:$A$1000,0),0)*INDEX(Dati!$DS$1:$FF$1000,MATCH($A10,Dati!$A$1:$A$1000,0),0))/SUMPRODUCT((Dati!$AQ$4:$CD$4="B")*INDEX(Dati!$DS$1:$FF$1000,MATCH($A10,Dati!$A$1:$A$1000,0),0)),2),"")) | AY10: =IF(AX10="","",IF(ISNUMBER(BH10),ROUND(Impostazioni!$B$12*AX10+Impostazioni!$B$13*BH10,2),AX10)) | AZ10: =IF(AY10="","",LOOKUP(AY10,Impostazioni!$E$4:$E$9,Impostazioni!$F$4:$F$9)) | BB10: =IF($B10="","",IFERROR(ROUND(SUMPRODUCT((Dati!$AQ$4:$CD$4="TEC")*INDEX(Dati!$AQ$1:$CD$1000,MATCH($A10,Dati!$A$1:$A$1000,0),0)*INDEX(Dati!$DS$1:$FF$1000,MATCH($A10,Dati!$A$1:$A$1000,0),0))/SUMPRODUCT((Dati!$AQ$4:$CD$4="TEC")*INDEX(Dati!$DS$1:$FF$1000,MATCH($A10,Dati!$A$1:$A$1000,0),0)),2),"")) | BC10: =IF(BB10="","",LOOKUP(BB10,Impostazioni!$E$4:$E$9,Impostazioni!$F$4:$F$9)) | BE10: =IF($B10="","",IFERROR(ROUND(SUMPRODUCT((Dati!$AQ$4:$CD$4="CIV")*INDEX(Dati!$AQ$1:$CD$1000,MATCH($A10,Dati!$A$1:$A$1000,0),0)*INDEX(Dati!$DS$1:$FF$1000,MATCH($A10,Dati!$A$1:$A$1000,0),0))/SUMPRODUCT((Dati!$AQ$4:$CD$4="CIV")*INDEX(Dati!$DS$1:$FF$1000,MATCH($A10,Dati!$A$1:$A$1000,0),0)),2),"")) | BF10: =IF(BE10="","",LOOKUP(BE10,Impostazioni!$E$4:$E$9,Impostazioni!$F$4:$F$9)) | BI10: =IF($B10="","",IFERROR(SUM(INDEX(Dati!$FQ$1:$FZ$1000,MATCH($A10,Dati!$A$1:$A$1000,0),0)),0)) -> 0 | BJ10: =IF($B10="","",IF($C10="ES","Esonerato: concordare con referente e dirigente",IF($C10="Ritirato","Ritirato",TRIM(IF(OR(N(AR10)<Impostazioni!$B$14,N(AW10)<Impostazioni!$B$14),"Pochi voti: valutazione alternativa (scritta/orale). ","")&IF(N(BI10)>0,"Da recuperare: "&BI10&". ","")&IF($D10="OP","Riferito agli obiettivi personalizzati.",""))))) -> Esonerato: concordare con referente e dirigente | BK10: =IF($B10="","",IF($C10="ES","ES",IF(AV10<>"",AV10,AU10))) -> ES | BL10: =IF($B10="","",IF($C10="ES","ES",IF(BA10<>"",BA10,AZ10))) -> ES | BM10: =IF($B10="","",IF($C10="ES","ES",IF(BD10<>"",BD10,BC10))) -> ES | BN10: =IF($B10="","",IF($C10="ES","ES",IF(BG10<>"",BG10,BF10))) -> ES
A11: 4 | B11: =IFERROR(INDEX(Alunni!$C$1:$C$1000,MATCH($A11,Alunni!$A$1:$A$1000,0))&"","") | C11: =IFERROR(INDEX(Alunni!$D$1:$D$1000,MATCH($A11,Alunni!$A$1:$A$1000,0))&"","") | D11: =IFERROR(INDEX(Alunni!$E$1:$E$1000,MATCH($A11,Alunni!$A$1:$A$1000,0))&"","") | E11: =IF($B11="","",IFERROR(ROUND(SUMPRODUCT((Dati!$C$3:$AP$3="1.1")*INDEX(Dati!$C$1:$AP$1000,MATCH($A11,Dati!$A$1:$A$1000,0),0)*INDEX(Dati!$CE$1:$DR$1000,MATCH($A11,Dati!$A$1:$A$1000,0),0))/SUMPRODUCT((Dati!$C$3:$AP$3="1.1")*INDEX(Dati!$CE$1:$DR$1000,MATCH($A11,Dati!$A$1:$A$1000,0),0)),2),"")) | F11: =IF($B11="","",IFERROR(ROUND(SUMPRODUCT((Dati!$C$3:$AP$3="2.1")*INDEX(Dati!$C$1:$AP$1000,MATCH($A11,Dati!$A$1:$A$1000,0),0)*INDEX(Dati!$CE$1:$DR$1000,MATCH($A11,Dati!$A$1:$A$1000,0),0))/SUMPRODUCT((Dati!$C$3:$AP$3="2.1")*INDEX(Dati!$CE$1:$DR$1000,MATCH($A11,Dati!$A$1:$A$1000,0),0)),2),"")) | G11: =IF($B11="","",IFERROR(ROUND(SUMPRODUCT((Dati!$C$3:$AP$3="3.1")*INDEX(Dati!$C$1:$AP$1000,MATCH($A11,Dati!$A$1:$A$1000,0),0)*INDEX(Dati!$CE$1:$DR$1000,MATCH($A11,Dati!$A$1:$A$1000,0),0))/SUMPRODUCT((Dati!$C$3:$AP$3="3.1")*INDEX(Dati!$CE$1:$DR$1000,MATCH($A11,Dati!$A$1:$A$1000,0),0)),2),"")) | H11: =IF($B11="","",IFERROR(ROUND(SUMPRODUCT((Dati!$C$3:$AP$3="3.2")*INDEX(Dati!$C$1:$AP$1000,MATCH($A11,Dati!$A$1:$A$1000,0),0)*INDEX(Dati!$CE$1:$DR$1000,MATCH($A11,Dati!$A$1:$A$1000,0),0))/SUMPRODUCT((Dati!$C$3:$AP$3="3.2")*INDEX(Dati!$CE$1:$DR$1000,MATCH($A11,Dati!$A$1:$A$1000,0),0)),2),"")) | I11: =IF($B11="","",IFERROR(ROUND(SUMPRODUCT((Dati!$C$3:$AP$3="3.3")*INDEX(Dati!$C$1:$AP$1000,MATCH($A11,Dati!$A$1:$A$1000,0),0)*INDEX(Dati!$CE$1:$DR$1000,MATCH($A11,Dati!$A$1:$A$1000,0),0))/SUMPRODUCT((Dati!$C$3:$AP$3="3.3")*INDEX(Dati!$CE$1:$DR$1000,MATCH($A11,Dati!$A$1:$A$1000,0),0)),2),"")) | J11: =IF($B11="","",IFERROR(ROUND(SUMPRODUCT((Dati!$C$3:$AP$3="4.1")*INDEX(Dati!$C$1:$AP$1000,MATCH($A11,Dati!$A$1:$A$1000,0),0)*INDEX(Dati!$CE$1:$DR$1000,MATCH($A11,Dati!$A$1:$A$1000,0),0))/SUMPRODUCT((Dati!$C$3:$AP$3="4.1")*INDEX(Dati!$CE$1:$DR$1000,MATCH($A11,Dati!$A$1:$A$1000,0),0)),2),"")) | K11: =IF($B11="","",IFERROR(ROUND(SUMPRODUCT((Dati!$C$3:$AP$3="4.2")*INDEX(Dati!$C$1:$AP$1000,MATCH($A11,Dati!$A$1:$A$1000,0),0)*INDEX(Dati!$CE$1:$DR$1000,MATCH($A11,Dati!$A$1:$A$1000,0),0))/SUMPRODUCT((Dati!$C$3:$AP$3="4.2")*INDEX(Dati!$CE$1:$DR$1000,MATCH($A11,Dati!$A$1:$A$1000,0),0)),2),"")) | L11: =IF($B11="","",IFERROR(ROUND(SUMPRODUCT((Dati!$C$3:$AP$3="4.3")*INDEX(Dati!$C$1:$AP$1000,MATCH($A11,Dati!$A$1:$A$1000,0),0)*INDEX(Dati!$CE$1:$DR$1000,MATCH($A11,Dati!$A$1:$A$1000,0),0))/SUMPRODUCT((Dati!$C$3:$AP$3="4.3")*INDEX(Dati!$CE$1:$DR$1000,MATCH($A11,Dati!$A$1:$A$1000,0),0)),2),"")) | M11: =IF($B11="","",IFERROR(SUMPRODUCT((Dati!$C$4:$AP$4="A")*(INDEX(Dati!$CE$1:$DR$1000,MATCH($A11,Dati!$A$1:$A$1000,0),0)>0)),0)) | N11: =IF($B11="","",IFERROR(ROUND(SUMPRODUCT((Dati!$C$4:$AP$4="A")*INDEX(Dati!$C$1:$AP$1000,MATCH($A11,Dati!$A$1:$A$1000,0),0)*INDEX(Dati!$CE$1:$DR$1000,MATCH($A11,Dati!$A$1:$A$1000,0),0))/SUMPRODUCT((Dati!$C$4:$AP$4="A")*INDEX(Dati!$CE$1:$DR$1000,MATCH($A11,Dati!$A$1:$A$1000,0),0)),2),"")) | O11: =IF(N11="","",IF(ISNUMBER(AC11),ROUND(Impostazioni!$B$12*N11+Impostazioni!$B$13*AC11,2),N11)) | P11: =IF(O11="","",LOOKUP(O11,Impostazioni!$E$4:$E$9,Impostazioni!$F$4:$F$9)) | R11: =IF($B11="","",IFERROR(SUMPRODUCT((Dati!$C$4:$AP$4="B")*(INDEX(Dati!$CE$1:$DR$1000,MATCH($A11,Dati!$A$1:$A$1000,0),0)>0)),0)) | S11: =IF($B11="","",IFERROR(ROUND(SUMPRODUCT((Dati!$C$4:$AP$4="B")*INDEX(Dati!$C$1:$AP$1000,MATCH($A11,Dati!$A$1:$A$1000,0),0)*INDEX(Dati!$CE$1:$DR$1000,MATCH($A11,Dati!$A$1:$A$1000,0),0))/SUMPRODUCT((Dati!$C$4:$AP$4="B")*INDEX(Dati!$CE$1:$DR$1000,MATCH($A11,Dati!$A$1:$A$1000,0),0)),2),"")) | T11: =IF(S11="","",IF(ISNUMBER(AC11),ROUND(Impostazioni!$B$12*S11+Impostazioni!$B$13*AC11,2),S11)) | U11: =IF(T11="","",LOOKUP(T11,Impostazioni!$E$4:$E$9,Impostazioni!$F$4:$F$9)) | W11: =IF($B11="","",IFERROR(ROUND(SUMPRODUCT((Dati!$C$4:$AP$4="TEC")*INDEX(Dati!$C$1:$AP$1000,MATCH($A11,Dati!$A$1:$A$1000,0),0)*INDEX(Dati!$CE$1:$DR$1000,MATCH($A11,Dati!$A$1:$A$1000,0),0))/SUMPRODUCT((Dati!$C$4:$AP$4="TEC")*INDEX(Dati!$CE$1:$DR$1000,MATCH($A11,Dati!$A$1:$A$1000,0),0)),2),"")) | X11: =IF(W11="","",LOOKUP(W11,Impostazioni!$E$4:$E$9,Impostazioni!$F$4:$F$9)) | Z11: =IF($B11="","",IFERROR(ROUND(SUMPRODUCT((Dati!$C$4:$AP$4="CIV")*INDEX(Dati!$C$1:$AP$1000,MATCH($A11,Dati!$A$1:$A$1000,0),0)*INDEX(Dati!$CE$1:$DR$1000,MATCH($A11,Dati!$A$1:$A$1000,0),0))/SUMPRODUCT((Dati!$C$4:$AP$4="CIV")*INDEX(Dati!$CE$1:$DR$1000,MATCH($A11,Dati!$A$1:$A$1000,0),0)),2),"")) | AA11: =IF(Z11="","",LOOKUP(Z11,Impostazioni!$E$4:$E$9,Impostazioni!$F$4:$F$9)) | AD11: =IF($B11="","",IFERROR(SUM(INDEX(Dati!$FG$1:$FP$1000,MATCH($A11,Dati!$A$1:$A$1000,0),0)),0)) | AE11: =IF($B11="","",IF($C11="ES","Esonerato: concordare con referente e dirigente",IF($C11="Ritirato","Ritirato",TRIM(IF(OR(N(M11)<Impostazioni!$B$14,N(R11)<Impostazioni!$B$14),"Pochi voti: valutazione alternativa (scritta/orale). ","")&IF(N(AD11)>0,"Da recuperare: "&AD11&". ","")&IF($D11="OP","Riferito agli obiettivi personalizzati.",""))))) | AF11: =IF($B11="","",IF($C11="ES","ES",IF(Q11<>"",Q11,P11))) | AG11: =IF($B11="","",IF($C11="ES","ES",IF(V11<>"",V11,U11))) | AH11: =IF($B11="","",IF($C11="ES","ES",IF(Y11<>"",Y11,X11))) | AI11: =IF($B11="","",IF($C11="ES","ES",IF(AB11<>"",AB11,AA11))) | AJ11: =IF($B11="","",IFERROR(ROUND(SUMPRODUCT((Dati!$AQ$3:$CD$3="1.1")*INDEX(Dati!$AQ$1:$CD$1000,MATCH($A11,Dati!$A$1:$A$1000,0),0)*INDEX(Dati!$DS$1:$FF$1000,MATCH($A11,Dati!$A$1:$A$1000,0),0))/SUMPRODUCT((Dati!$AQ$3:$CD$3="1.1")*INDEX(Dati!$DS$1:$FF$1000,MATCH($A11,Dati!$A$1:$A$1000,0),0)),2),"")) | AK11: =IF($B11="","",IFERROR(ROUND(SUMPRODUCT((Dati!$AQ$3:$CD$3="2.1")*INDEX(Dati!$AQ$1:$CD$1000,MATCH($A11,Dati!$A$1:$A$1000,0),0)*INDEX(Dati!$DS$1:$FF$1000,MATCH($A11,Dati!$A$1:$A$1000,0),0))/SUMPRODUCT((Dati!$AQ$3:$CD$3="2.1")*INDEX(Dati!$DS$1:$FF$1000,MATCH($A11,Dati!$A$1:$A$1000,0),0)),2),"")) | AL11: =IF($B11="","",IFERROR(ROUND(SUMPRODUCT((Dati!$AQ$3:$CD$3="3.1")*INDEX(Dati!$AQ$1:$CD$1000,MATCH($A11,Dati!$A$1:$A$1000,0),0)*INDEX(Dati!$DS$1:$FF$1000,MATCH($A11,Dati!$A$1:$A$1000,0),0))/SUMPRODUCT((Dati!$AQ$3:$CD$3="3.1")*INDEX(Dati!$DS$1:$FF$1000,MATCH($A11,Dati!$A$1:$A$1000,0),0)),2),"")) | AM11: =IF($B11="","",IFERROR(ROUND(SUMPRODUCT((Dati!$AQ$3:$CD$3="3.2")*INDEX(Dati!$AQ$1:$CD$1000,MATCH($A11,Dati!$A$1:$A$1000,0),0)*INDEX(Dati!$DS$1:$FF$1000,MATCH($A11,Dati!$A$1:$A$1000,0),0))/SUMPRODUCT((Dati!$AQ$3:$CD$3="3.2")*INDEX(Dati!$DS$1:$FF$1000,MATCH($A11,Dati!$A$1:$A$1000,0),0)),2),"")) | AN11: =IF($B11="","",IFERROR(ROUND(SUMPRODUCT((Dati!$AQ$3:$CD$3="3.3")*INDEX(Dati!$AQ$1:$CD$1000,MATCH($A11,Dati!$A$1:$A$1000,0),0)*INDEX(Dati!$DS$1:$FF$1000,MATCH($A11,Dati!$A$1:$A$1000,0),0))/SUMPRODUCT((Dati!$AQ$3:$CD$3="3.3")*INDEX(Dati!$DS$1:$FF$1000,MATCH($A11,Dati!$A$1:$A$1000,0),0)),2),"")) | AO11: =IF($B11="","",IFERROR(ROUND(SUMPRODUCT((Dati!$AQ$3:$CD$3="4.1")*INDEX(Dati!$AQ$1:$CD$1000,MATCH($A11,Dati!$A$1:$A$1000,0),0)*INDEX(Dati!$DS$1:$FF$1000,MATCH($A11,Dati!$A$1:$A$1000,0),0))/SUMPRODUCT((Dati!$AQ$3:$CD$3="4.1")*INDEX(Dati!$DS$1:$FF$1000,MATCH($A11,Dati!$A$1:$A$1000,0),0)),2),"")) | AP11: =IF($B11="","",IFERROR(ROUND(SUMPRODUCT((Dati!$AQ$3:$CD$3="4.2")*INDEX(Dati!$AQ$1:$CD$1000,MATCH($A11,Dati!$A$1:$A$1000,0),0)*INDEX(Dati!$DS$1:$FF$1000,MATCH($A11,Dati!$A$1:$A$1000,0),0))/SUMPRODUCT((Dati!$AQ$3:$CD$3="4.2")*INDEX(Dati!$DS$1:$FF$1000,MATCH($A11,Dati!$A$1:$A$1000,0),0)),2),"")) | AQ11: =IF($B11="","",IFERROR(ROUND(SUMPRODUCT((Dati!$AQ$3:$CD$3="4.3")*INDEX(Dati!$AQ$1:$CD$1000,MATCH($A11,Dati!$A$1:$A$1000,0),0)*INDEX(Dati!$DS$1:$FF$1000,MATCH($A11,Dati!$A$1:$A$1000,0),0))/SUMPRODUCT((Dati!$AQ$3:$CD$3="4.3")*INDEX(Dati!$DS$1:$FF$1000,MATCH($A11,Dati!$A$1:$A$1000,0),0)),2),"")) | AR11: =IF($B11="","",IFERROR(SUMPRODUCT((Dati!$AQ$4:$CD$4="A")*(INDEX(Dati!$DS$1:$FF$1000,MATCH($A11,Dati!$A$1:$A$1000,0),0)>0)),0)) | AS11: =IF($B11="","",IFERROR(ROUND(SUMPRODUCT((Dati!$AQ$4:$CD$4="A")*INDEX(Dati!$AQ$1:$CD$1000,MATCH($A11,Dati!$A$1:$A$1000,0),0)*INDEX(Dati!$DS$1:$FF$1000,MATCH($A11,Dati!$A$1:$A$1000,0),0))/SUMPRODUCT((Dati!$AQ$4:$CD$4="A")*INDEX(Dati!$DS$1:$FF$1000,MATCH($A11,Dati!$A$1:$A$1000,0),0)),2),"")) | AT11: =IF(AS11="","",IF(ISNUMBER(BH11),ROUND(Impostazioni!$B$12*AS11+Impostazioni!$B$13*BH11,2),AS11)) | AU11: =IF(AT11="","",LOOKUP(AT11,Impostazioni!$E$4:$E$9,Impostazioni!$F$4:$F$9)) | AW11: =IF($B11="","",IFERROR(SUMPRODUCT((Dati!$AQ$4:$CD$4="B")*(INDEX(Dati!$DS$1:$FF$1000,MATCH($A11,Dati!$A$1:$A$1000,0),0)>0)),0)) | AX11: =IF($B11="","",IFERROR(ROUND(SUMPRODUCT((Dati!$AQ$4:$CD$4="B")*INDEX(Dati!$AQ$1:$CD$1000,MATCH($A11,Dati!$A$1:$A$1000,0),0)*INDEX(Dati!$DS$1:$FF$1000,MATCH($A11,Dati!$A$1:$A$1000,0),0))/SUMPRODUCT((Dati!$AQ$4:$CD$4="B")*INDEX(Dati!$DS$1:$FF$1000,MATCH($A11,Dati!$A$1:$A$1000,0),0)),2),"")) | AY11: =IF(AX11="","",IF(ISNUMBER(BH11),ROUND(Impostazioni!$B$12*AX11+Impostazioni!$B$13*BH11,2),AX11)) | AZ11: =IF(AY11="","",LOOKUP(AY11,Impostazioni!$E$4:$E$9,Impostazioni!$F$4:$F$9)) | BB11: =IF($B11="","",IFERROR(ROUND(SUMPRODUCT((Dati!$AQ$4:$CD$4="TEC")*INDEX(Dati!$AQ$1:$CD$1000,MATCH($A11,Dati!$A$1:$A$1000,0),0)*INDEX(Dati!$DS$1:$FF$1000,MATCH($A11,Dati!$A$1:$A$1000,0),0))/SUMPRODUCT((Dati!$AQ$4:$CD$4="TEC")*INDEX(Dati!$DS$1:$FF$1000,MATCH($A11,Dati!$A$1:$A$1000,0),0)),2),"")) | BC11: =IF(BB11="","",LOOKUP(BB11,Impostazioni!$E$4:$E$9,Impostazioni!$F$4:$F$9)) | BE11: =IF($B11="","",IFERROR(ROUND(SUMPRODUCT((Dati!$AQ$4:$CD$4="CIV")*INDEX(Dati!$AQ$1:$CD$1000,MATCH($A11,Dati!$A$1:$A$1000,0),0)*INDEX(Dati!$DS$1:$FF$1000,MATCH($A11,Dati!$A$1:$A$1000,0),0))/SUMPRODUCT((Dati!$AQ$4:$CD$4="CIV")*INDEX(Dati!$DS$1:$FF$1000,MATCH($A11,Dati!$A$1:$A$1000,0),0)),2),"")) | BF11: =IF(BE11="","",LOOKUP(BE11,Impostazioni!$E$4:$E$9,Impostazioni!$F$4:$F$9)) | BI11: =IF($B11="","",IFERROR(SUM(INDEX(Dati!$FQ$1:$FZ$1000,MATCH($A11,Dati!$A$1:$A$1000,0),0)),0)) | BJ11: =IF($B11="","",IF($C11="ES","Esonerato: concordare con referente e dirigente",IF($C11="Ritirato","Ritirato",TRIM(IF(OR(N(AR11)<Impostazioni!$B$14,N(AW11)<Impostazioni!$B$14),"Pochi voti: valutazione alternativa (scritta/orale). ","")&IF(N(BI11)>0,"Da recuperare: "&BI11&". ","")&IF($D11="OP","Riferito agli obiettivi personalizzati.",""))))) | BK11: =IF($B11="","",IF($C11="ES","ES",IF(AV11<>"",AV11,AU11))) | BL11: =IF($B11="","",IF($C11="ES","ES",IF(BA11<>"",BA11,AZ11))) | BM11: =IF($B11="","",IF($C11="ES","ES",IF(BD11<>"",BD11,BC11))) | BN11: =IF($B11="","",IF($C11="ES","ES",IF(BG11<>"",BG11,BF11)))
A12: 5 | B12: =IFERROR(INDEX(Alunni!$C$1:$C$1000,MATCH($A12,Alunni!$A$1:$A$1000,0))&"","") | C12: =IFERROR(INDEX(Alunni!$D$1:$D$1000,MATCH($A12,Alunni!$A$1:$A$1000,0))&"","") | D12: =IFERROR(INDEX(Alunni!$E$1:$E$1000,MATCH($A12,Alunni!$A$1:$A$1000,0))&"","") | E12: =IF($B12="","",IFERROR(ROUND(SUMPRODUCT((Dati!$C$3:$AP$3="1.1")*INDEX(Dati!$C$1:$AP$1000,MATCH($A12,Dati!$A$1:$A$1000,0),0)*INDEX(Dati!$CE$1:$DR$1000,MATCH($A12,Dati!$A$1:$A$1000,0),0))/SUMPRODUCT((Dati!$C$3:$AP$3="1.1")*INDEX(Dati!$CE$1:$DR$1000,MATCH($A12,Dati!$A$1:$A$1000,0),0)),2),"")) | F12: =IF($B12="","",IFERROR(ROUND(SUMPRODUCT((Dati!$C$3:$AP$3="2.1")*INDEX(Dati!$C$1:$AP$1000,MATCH($A12,Dati!$A$1:$A$1000,0),0)*INDEX(Dati!$CE$1:$DR$1000,MATCH($A12,Dati!$A$1:$A$1000,0),0))/SUMPRODUCT((Dati!$C$3:$AP$3="2.1")*INDEX(Dati!$CE$1:$DR$1000,MATCH($A12,Dati!$A$1:$A$1000,0),0)),2),"")) | G12: =IF($B12="","",IFERROR(ROUND(SUMPRODUCT((Dati!$C$3:$AP$3="3.1")*INDEX(Dati!$C$1:$AP$1000,MATCH($A12,Dati!$A$1:$A$1000,0),0)*INDEX(Dati!$CE$1:$DR$1000,MATCH($A12,Dati!$A$1:$A$1000,0),0))/SUMPRODUCT((Dati!$C$3:$AP$3="3.1")*INDEX(Dati!$CE$1:$DR$1000,MATCH($A12,Dati!$A$1:$A$1000,0),0)),2),"")) | H12: =IF($B12="","",IFERROR(ROUND(SUMPRODUCT((Dati!$C$3:$AP$3="3.2")*INDEX(Dati!$C$1:$AP$1000,MATCH($A12,Dati!$A$1:$A$1000,0),0)*INDEX(Dati!$CE$1:$DR$1000,MATCH($A12,Dati!$A$1:$A$1000,0),0))/SUMPRODUCT((Dati!$C$3:$AP$3="3.2")*INDEX(Dati!$CE$1:$DR$1000,MATCH($A12,Dati!$A$1:$A$1000,0),0)),2),"")) | I12: =IF($B12="","",IFERROR(ROUND(SUMPRODUCT((Dati!$C$3:$AP$3="3.3")*INDEX(Dati!$C$1:$AP$1000,MATCH($A12,Dati!$A$1:$A$1000,0),0)*INDEX(Dati!$CE$1:$DR$1000,MATCH($A12,Dati!$A$1:$A$1000,0),0))/SUMPRODUCT((Dati!$C$3:$AP$3="3.3")*INDEX(Dati!$CE$1:$DR$1000,MATCH($A12,Dati!$A$1:$A$1000,0),0)),2),"")) | J12: =IF($B12="","",IFERROR(ROUND(SUMPRODUCT((Dati!$C$3:$AP$3="4.1")*INDEX(Dati!$C$1:$AP$1000,MATCH($A12,Dati!$A$1:$A$1000,0),0)*INDEX(Dati!$CE$1:$DR$1000,MATCH($A12,Dati!$A$1:$A$1000,0),0))/SUMPRODUCT((Dati!$C$3:$AP$3="4.1")*INDEX(Dati!$CE$1:$DR$1000,MATCH($A12,Dati!$A$1:$A$1000,0),0)),2),"")) | K12: =IF($B12="","",IFERROR(ROUND(SUMPRODUCT((Dati!$C$3:$AP$3="4.2")*INDEX(Dati!$C$1:$AP$1000,MATCH($A12,Dati!$A$1:$A$1000,0),0)*INDEX(Dati!$CE$1:$DR$1000,MATCH($A12,Dati!$A$1:$A$1000,0),0))/SUMPRODUCT((Dati!$C$3:$AP$3="4.2")*INDEX(Dati!$CE$1:$DR$1000,MATCH($A12,Dati!$A$1:$A$1000,0),0)),2),"")) | L12: =IF($B12="","",IFERROR(ROUND(SUMPRODUCT((Dati!$C$3:$AP$3="4.3")*INDEX(Dati!$C$1:$AP$1000,MATCH($A12,Dati!$A$1:$A$1000,0),0)*INDEX(Dati!$CE$1:$DR$1000,MATCH($A12,Dati!$A$1:$A$1000,0),0))/SUMPRODUCT((Dati!$C$3:$AP$3="4.3")*INDEX(Dati!$CE$1:$DR$1000,MATCH($A12,Dati!$A$1:$A$1000,0),0)),2),"")) | M12: =IF($B12="","",IFERROR(SUMPRODUCT((Dati!$C$4:$AP$4="A")*(INDEX(Dati!$CE$1:$DR$1000,MATCH($A12,Dati!$A$1:$A$1000,0),0)>0)),0)) | N12: =IF($B12="","",IFERROR(ROUND(SUMPRODUCT((Dati!$C$4:$AP$4="A")*INDEX(Dati!$C$1:$AP$1000,MATCH($A12,Dati!$A$1:$A$1000,0),0)*INDEX(Dati!$CE$1:$DR$1000,MATCH($A12,Dati!$A$1:$A$1000,0),0))/SUMPRODUCT((Dati!$C$4:$AP$4="A")*INDEX(Dati!$CE$1:$DR$1000,MATCH($A12,Dati!$A$1:$A$1000,0),0)),2),"")) | O12: =IF(N12="","",IF(ISNUMBER(AC12),ROUND(Impostazioni!$B$12*N12+Impostazioni!$B$13*AC12,2),N12)) | P12: =IF(O12="","",LOOKUP(O12,Impostazioni!$E$4:$E$9,Impostazioni!$F$4:$F$9)) | R12: =IF($B12="","",IFERROR(SUMPRODUCT((Dati!$C$4:$AP$4="B")*(INDEX(Dati!$CE$1:$DR$1000,MATCH($A12,Dati!$A$1:$A$1000,0),0)>0)),0)) | S12: =IF($B12="","",IFERROR(ROUND(SUMPRODUCT((Dati!$C$4:$AP$4="B")*INDEX(Dati!$C$1:$AP$1000,MATCH($A12,Dati!$A$1:$A$1000,0),0)*INDEX(Dati!$CE$1:$DR$1000,MATCH($A12,Dati!$A$1:$A$1000,0),0))/SUMPRODUCT((Dati!$C$4:$AP$4="B")*INDEX(Dati!$CE$1:$DR$1000,MATCH($A12,Dati!$A$1:$A$1000,0),0)),2),"")) | T12: =IF(S12="","",IF(ISNUMBER(AC12),ROUND(Impostazioni!$B$12*S12+Impostazioni!$B$13*AC12,2),S12)) | U12: =IF(T12="","",LOOKUP(T12,Impostazioni!$E$4:$E$9,Impostazioni!$F$4:$F$9)) | W12: =IF($B12="","",IFERROR(ROUND(SUMPRODUCT((Dati!$C$4:$AP$4="TEC")*INDEX(Dati!$C$1:$AP$1000,MATCH($A12,Dati!$A$1:$A$1000,0),0)*INDEX(Dati!$CE$1:$DR$1000,MATCH($A12,Dati!$A$1:$A$1000,0),0))/SUMPRODUCT((Dati!$C$4:$AP$4="TEC")*INDEX(Dati!$CE$1:$DR$1000,MATCH($A12,Dati!$A$1:$A$1000,0),0)),2),"")) | X12: =IF(W12="","",LOOKUP(W12,Impostazioni!$E$4:$E$9,Impostazioni!$F$4:$F$9)) | Z12: =IF($B12="","",IFERROR(ROUND(SUMPRODUCT((Dati!$C$4:$AP$4="CIV")*INDEX(Dati!$C$1:$AP$1000,MATCH($A12,Dati!$A$1:$A$1000,0),0)*INDEX(Dati!$CE$1:$DR$1000,MATCH($A12,Dati!$A$1:$A$1000,0),0))/SUMPRODUCT((Dati!$C$4:$AP$4="CIV")*INDEX(Dati!$CE$1:$DR$1000,MATCH($A12,Dati!$A$1:$A$1000,0),0)),2),"")) | AA12: =IF(Z12="","",LOOKUP(Z12,Impostazioni!$E$4:$E$9,Impostazioni!$F$4:$F$9)) | AD12: =IF($B12="","",IFERROR(SUM(INDEX(Dati!$FG$1:$FP$1000,MATCH($A12,Dati!$A$1:$A$1000,0),0)),0)) | AE12: =IF($B12="","",IF($C12="ES","Esonerato: concordare con referente e dirigente",IF($C12="Ritirato","Ritirato",TRIM(IF(OR(N(M12)<Impostazioni!$B$14,N(R12)<Impostazioni!$B$14),"Pochi voti: valutazione alternativa (scritta/orale). ","")&IF(N(AD12)>0,"Da recuperare: "&AD12&". ","")&IF($D12="OP","Riferito agli obiettivi personalizzati.",""))))) | AF12: =IF($B12="","",IF($C12="ES","ES",IF(Q12<>"",Q12,P12))) | AG12: =IF($B12="","",IF($C12="ES","ES",IF(V12<>"",V12,U12))) | AH12: =IF($B12="","",IF($C12="ES","ES",IF(Y12<>"",Y12,X12))) | AI12: =IF($B12="","",IF($C12="ES","ES",IF(AB12<>"",AB12,AA12))) | AJ12: =IF($B12="","",IFERROR(ROUND(SUMPRODUCT((Dati!$AQ$3:$CD$3="1.1")*INDEX(Dati!$AQ$1:$CD$1000,MATCH($A12,Dati!$A$1:$A$1000,0),0)*INDEX(Dati!$DS$1:$FF$1000,MATCH($A12,Dati!$A$1:$A$1000,0),0))/SUMPRODUCT((Dati!$AQ$3:$CD$3="1.1")*INDEX(Dati!$DS$1:$FF$1000,MATCH($A12,Dati!$A$1:$A$1000,0),0)),2),"")) | AK12: =IF($B12="","",IFERROR(ROUND(SUMPRODUCT((Dati!$AQ$3:$CD$3="2.1")*INDEX(Dati!$AQ$1:$CD$1000,MATCH($A12,Dati!$A$1:$A$1000,0),0)*INDEX(Dati!$DS$1:$FF$1000,MATCH($A12,Dati!$A$1:$A$1000,0),0))/SUMPRODUCT((Dati!$AQ$3:$CD$3="2.1")*INDEX(Dati!$DS$1:$FF$1000,MATCH($A12,Dati!$A$1:$A$1000,0),0)),2),"")) | AL12: =IF($B12="","",IFERROR(ROUND(SUMPRODUCT((Dati!$AQ$3:$CD$3="3.1")*INDEX(Dati!$AQ$1:$CD$1000,MATCH($A12,Dati!$A$1:$A$1000,0),0)*INDEX(Dati!$DS$1:$FF$1000,MATCH($A12,Dati!$A$1:$A$1000,0),0))/SUMPRODUCT((Dati!$AQ$3:$CD$3="3.1")*INDEX(Dati!$DS$1:$FF$1000,MATCH($A12,Dati!$A$1:$A$1000,0),0)),2),"")) | AM12: =IF($B12="","",IFERROR(ROUND(SUMPRODUCT((Dati!$AQ$3:$CD$3="3.2")*INDEX(Dati!$AQ$1:$CD$1000,MATCH($A12,Dati!$A$1:$A$1000,0),0)*INDEX(Dati!$DS$1:$FF$1000,MATCH($A12,Dati!$A$1:$A$1000,0),0))/SUMPRODUCT((Dati!$AQ$3:$CD$3="3.2")*INDEX(Dati!$DS$1:$FF$1000,MATCH($A12,Dati!$A$1:$A$1000,0),0)),2),"")) | AN12: =IF($B12="","",IFERROR(ROUND(SUMPRODUCT((Dati!$AQ$3:$CD$3="3.3")*INDEX(Dati!$AQ$1:$CD$1000,MATCH($A12,Dati!$A$1:$A$1000,0),0)*INDEX(Dati!$DS$1:$FF$1000,MATCH($A12,Dati!$A$1:$A$1000,0),0))/SUMPRODUCT((Dati!$AQ$3:$CD$3="3.3")*INDEX(Dati!$DS$1:$FF$1000,MATCH($A12,Dati!$A$1:$A$1000,0),0)),2),"")) | AO12: =IF($B12="","",IFERROR(ROUND(SUMPRODUCT((Dati!$AQ$3:$CD$3="4.1")*INDEX(Dati!$AQ$1:$CD$1000,MATCH($A12,Dati!$A$1:$A$1000,0),0)*INDEX(Dati!$DS$1:$FF$1000,MATCH($A12,Dati!$A$1:$A$1000,0),0))/SUMPRODUCT((Dati!$AQ$3:$CD$3="4.1")*INDEX(Dati!$DS$1:$FF$1000,MATCH($A12,Dati!$A$1:$A$1000,0),0)),2),"")) | AP12: =IF($B12="","",IFERROR(ROUND(SUMPRODUCT((Dati!$AQ$3:$CD$3="4.2")*INDEX(Dati!$AQ$1:$CD$1000,MATCH($A12,Dati!$A$1:$A$1000,0),0)*INDEX(Dati!$DS$1:$FF$1000,MATCH($A12,Dati!$A$1:$A$1000,0),0))/SUMPRODUCT((Dati!$AQ$3:$CD$3="4.2")*INDEX(Dati!$DS$1:$FF$1000,MATCH($A12,Dati!$A$1:$A$1000,0),0)),2),"")) | AQ12: =IF($B12="","",IFERROR(ROUND(SUMPRODUCT((Dati!$AQ$3:$CD$3="4.3")*INDEX(Dati!$AQ$1:$CD$1000,MATCH($A12,Dati!$A$1:$A$1000,0),0)*INDEX(Dati!$DS$1:$FF$1000,MATCH($A12,Dati!$A$1:$A$1000,0),0))/SUMPRODUCT((Dati!$AQ$3:$CD$3="4.3")*INDEX(Dati!$DS$1:$FF$1000,MATCH($A12,Dati!$A$1:$A$1000,0),0)),2),"")) | AR12: =IF($B12="","",IFERROR(SUMPRODUCT((Dati!$AQ$4:$CD$4="A")*(INDEX(Dati!$DS$1:$FF$1000,MATCH($A12,Dati!$A$1:$A$1000,0),0)>0)),0)) | AS12: =IF($B12="","",IFERROR(ROUND(SUMPRODUCT((Dati!$AQ$4:$CD$4="A")*INDEX(Dati!$AQ$1:$CD$1000,MATCH($A12,Dati!$A$1:$A$1000,0),0)*INDEX(Dati!$DS$1:$FF$1000,MATCH($A12,Dati!$A$1:$A$1000,0),0))/SUMPRODUCT((Dati!$AQ$4:$CD$4="A")*INDEX(Dati!$DS$1:$FF$1000,MATCH($A12,Dati!$A$1:$A$1000,0),0)),2),"")) | AT12: =IF(AS12="","",IF(ISNUMBER(BH12),ROUND(Impostazioni!$B$12*AS12+Impostazioni!$B$13*BH12,2),AS12)) | AU12: =IF(AT12="","",LOOKUP(AT12,Impostazioni!$E$4:$E$9,Impostazioni!$F$4:$F$9)) | AW12: =IF($B12="","",IFERROR(SUMPRODUCT((Dati!$AQ$4:$CD$4="B")*(INDEX(Dati!$DS$1:$FF$1000,MATCH($A12,Dati!$A$1:$A$1000,0),0)>0)),0)) | AX12: =IF($B12="","",IFERROR(ROUND(SUMPRODUCT((Dati!$AQ$4:$CD$4="B")*INDEX(Dati!$AQ$1:$CD$1000,MATCH($A12,Dati!$A$1:$A$1000,0),0)*INDEX(Dati!$DS$1:$FF$1000,MATCH($A12,Dati!$A$1:$A$1000,0),0))/SUMPRODUCT((Dati!$AQ$4:$CD$4="B")*INDEX(Dati!$DS$1:$FF$1000,MATCH($A12,Dati!$A$1:$A$1000,0),0)),2),"")) | AY12: =IF(AX12="","",IF(ISNUMBER(BH12),ROUND(Impostazioni!$B$12*AX12+Impostazioni!$B$13*BH12,2),AX12)) | AZ12: =IF(AY12="","",LOOKUP(AY12,Impostazioni!$E$4:$E$9,Impostazioni!$F$4:$F$9)) | BB12: =IF($B12="","",IFERROR(ROUND(SUMPRODUCT((Dati!$AQ$4:$CD$4="TEC")*INDEX(Dati!$AQ$1:$CD$1000,MATCH($A12,Dati!$A$1:$A$1000,0),0)*INDEX(Dati!$DS$1:$FF$1000,MATCH($A12,Dati!$A$1:$A$1000,0),0))/SUMPRODUCT((Dati!$AQ$4:$CD$4="TEC")*INDEX(Dati!$DS$1:$FF$1000,MATCH($A12,Dati!$A$1:$A$1000,0),0)),2),"")) | BC12: =IF(BB12="","",LOOKUP(BB12,Impostazioni!$E$4:$E$9,Impostazioni!$F$4:$F$9)) | BE12: =IF($B12="","",IFERROR(ROUND(SUMPRODUCT((Dati!$AQ$4:$CD$4="CIV")*INDEX(Dati!$AQ$1:$CD$1000,MATCH($A12,Dati!$A$1:$A$1000,0),0)*INDEX(Dati!$DS$1:$FF$1000,MATCH($A12,Dati!$A$1:$A$1000,0),0))/SUMPRODUCT((Dati!$AQ$4:$CD$4="CIV")*INDEX(Dati!$DS$1:$FF$1000,MATCH($A12,Dati!$A$1:$A$1000,0),0)),2),"")) | BF12: =IF(BE12="","",LOOKUP(BE12,Impostazioni!$E$4:$E$9,Impostazioni!$F$4:$F$9)) | BI12: =IF($B12="","",IFERROR(SUM(INDEX(Dati!$FQ$1:$FZ$1000,MATCH($A12,Dati!$A$1:$A$1000,0),0)),0)) | BJ12: =IF($B12="","",IF($C12="ES","Esonerato: concordare con referente e dirigente",IF($C12="Ritirato","Ritirato",TRIM(IF(OR(N(AR12)<Impostazioni!$B$14,N(AW12)<Impostazioni!$B$14),"Pochi voti: valutazione alternativa (scritta/orale). ","")&IF(N(BI12)>0,"Da recuperare: "&BI12&". ","")&IF($D12="OP","Riferito agli obiettivi personalizzati.",""))))) | BK12: =IF($B12="","",IF($C12="ES","ES",IF(AV12<>"",AV12,AU12))) | BL12: =IF($B12="","",IF($C12="ES","ES",IF(BA12<>"",BA12,AZ12))) | BM12: =IF($B12="","",IF($C12="ES","ES",IF(BD12<>"",BD12,BC12))) | BN12: =IF($B12="","",IF($C12="ES","ES",IF(BG12<>"",BG12,BF12)))
A13: 6 | B13: =IFERROR(INDEX(Alunni!$C$1:$C$1000,MATCH($A13,Alunni!$A$1:$A$1000,0))&"","") | C13: =IFERROR(INDEX(Alunni!$D$1:$D$1000,MATCH($A13,Alunni!$A$1:$A$1000,0))&"","") | D13: =IFERROR(INDEX(Alunni!$E$1:$E$1000,MATCH($A13,Alunni!$A$1:$A$1000,0))&"","") | E13: =IF($B13="","",IFERROR(ROUND(SUMPRODUCT((Dati!$C$3:$AP$3="1.1")*INDEX(Dati!$C$1:$AP$1000,MATCH($A13,Dati!$A$1:$A$1000,0),0)*INDEX(Dati!$CE$1:$DR$1000,MATCH($A13,Dati!$A$1:$A$1000,0),0))/SUMPRODUCT((Dati!$C$3:$AP$3="1.1")*INDEX(Dati!$CE$1:$DR$1000,MATCH($A13,Dati!$A$1:$A$1000,0),0)),2),"")) | F13: =IF($B13="","",IFERROR(ROUND(SUMPRODUCT((Dati!$C$3:$AP$3="2.1")*INDEX(Dati!$C$1:$AP$1000,MATCH($A13,Dati!$A$1:$A$1000,0),0)*INDEX(Dati!$CE$1:$DR$1000,MATCH($A13,Dati!$A$1:$A$1000,0),0))/SUMPRODUCT((Dati!$C$3:$AP$3="2.1")*INDEX(Dati!$CE$1:$DR$1000,MATCH($A13,Dati!$A$1:$A$1000,0),0)),2),"")) | G13: =IF($B13="","",IFERROR(ROUND(SUMPRODUCT((Dati!$C$3:$AP$3="3.1")*INDEX(Dati!$C$1:$AP$1000,MATCH($A13,Dati!$A$1:$A$1000,0),0)*INDEX(Dati!$CE$1:$DR$1000,MATCH($A13,Dati!$A$1:$A$1000,0),0))/SUMPRODUCT((Dati!$C$3:$AP$3="3.1")*INDEX(Dati!$CE$1:$DR$1000,MATCH($A13,Dati!$A$1:$A$1000,0),0)),2),"")) | H13: =IF($B13="","",IFERROR(ROUND(SUMPRODUCT((Dati!$C$3:$AP$3="3.2")*INDEX(Dati!$C$1:$AP$1000,MATCH($A13,Dati!$A$1:$A$1000,0),0)*INDEX(Dati!$CE$1:$DR$1000,MATCH($A13,Dati!$A$1:$A$1000,0),0))/SUMPRODUCT((Dati!$C$3:$AP$3="3.2")*INDEX(Dati!$CE$1:$DR$1000,MATCH($A13,Dati!$A$1:$A$1000,0),0)),2),"")) | I13: =IF($B13="","",IFERROR(ROUND(SUMPRODUCT((Dati!$C$3:$AP$3="3.3")*INDEX(Dati!$C$1:$AP$1000,MATCH($A13,Dati!$A$1:$A$1000,0),0)*INDEX(Dati!$CE$1:$DR$1000,MATCH($A13,Dati!$A$1:$A$1000,0),0))/SUMPRODUCT((Dati!$C$3:$AP$3="3.3")*INDEX(Dati!$CE$1:$DR$1000,MATCH($A13,Dati!$A$1:$A$1000,0),0)),2),"")) | J13: =IF($B13="","",IFERROR(ROUND(SUMPRODUCT((Dati!$C$3:$AP$3="4.1")*INDEX(Dati!$C$1:$AP$1000,MATCH($A13,Dati!$A$1:$A$1000,0),0)*INDEX(Dati!$CE$1:$DR$1000,MATCH($A13,Dati!$A$1:$A$1000,0),0))/SUMPRODUCT((Dati!$C$3:$AP$3="4.1")*INDEX(Dati!$CE$1:$DR$1000,MATCH($A13,Dati!$A$1:$A$1000,0),0)),2),"")) | K13: =IF($B13="","",IFERROR(ROUND(SUMPRODUCT((Dati!$C$3:$AP$3="4.2")*INDEX(Dati!$C$1:$AP$1000,MATCH($A13,Dati!$A$1:$A$1000,0),0)*INDEX(Dati!$CE$1:$DR$1000,MATCH($A13,Dati!$A$1:$A$1000,0),0))/SUMPRODUCT((Dati!$C$3:$AP$3="4.2")*INDEX(Dati!$CE$1:$DR$1000,MATCH($A13,Dati!$A$1:$A$1000,0),0)),2),"")) | L13: =IF($B13="","",IFERROR(ROUND(SUMPRODUCT((Dati!$C$3:$AP$3="4.3")*INDEX(Dati!$C$1:$AP$1000,MATCH($A13,Dati!$A$1:$A$1000,0),0)*INDEX(Dati!$CE$1:$DR$1000,MATCH($A13,Dati!$A$1:$A$1000,0),0))/SUMPRODUCT((Dati!$C$3:$AP$3="4.3")*INDEX(Dati!$CE$1:$DR$1000,MATCH($A13,Dati!$A$1:$A$1000,0),0)),2),"")) | M13: =IF($B13="","",IFERROR(SUMPRODUCT((Dati!$C$4:$AP$4="A")*(INDEX(Dati!$CE$1:$DR$1000,MATCH($A13,Dati!$A$1:$A$1000,0),0)>0)),0)) | N13: =IF($B13="","",IFERROR(ROUND(SUMPRODUCT((Dati!$C$4:$AP$4="A")*INDEX(Dati!$C$1:$AP$1000,MATCH($A13,Dati!$A$1:$A$1000,0),0)*INDEX(Dati!$CE$1:$DR$1000,MATCH($A13,Dati!$A$1:$A$1000,0),0))/SUMPRODUCT((Dati!$C$4:$AP$4="A")*INDEX(Dati!$CE$1:$DR$1000,MATCH($A13,Dati!$A$1:$A$1000,0),0)),2),"")) | O13: =IF(N13="","",IF(ISNUMBER(AC13),ROUND(Impostazioni!$B$12*N13+Impostazioni!$B$13*AC13,2),N13)) | P13: =IF(O13="","",LOOKUP(O13,Impostazioni!$E$4:$E$9,Impostazioni!$F$4:$F$9)) | R13: =IF($B13="","",IFERROR(SUMPRODUCT((Dati!$C$4:$AP$4="B")*(INDEX(Dati!$CE$1:$DR$1000,MATCH($A13,Dati!$A$1:$A$1000,0),0)>0)),0)) | S13: =IF($B13="","",IFERROR(ROUND(SUMPRODUCT((Dati!$C$4:$AP$4="B")*INDEX(Dati!$C$1:$AP$1000,MATCH($A13,Dati!$A$1:$A$1000,0),0)*INDEX(Dati!$CE$1:$DR$1000,MATCH($A13,Dati!$A$1:$A$1000,0),0))/SUMPRODUCT((Dati!$C$4:$AP$4="B")*INDEX(Dati!$CE$1:$DR$1000,MATCH($A13,Dati!$A$1:$A$1000,0),0)),2),"")) | T13: =IF(S13="","",IF(ISNUMBER(AC13),ROUND(Impostazioni!$B$12*S13+Impostazioni!$B$13*AC13,2),S13)) | U13: =IF(T13="","",LOOKUP(T13,Impostazioni!$E$4:$E$9,Impostazioni!$F$4:$F$9)) | W13: =IF($B13="","",IFERROR(ROUND(SUMPRODUCT((Dati!$C$4:$AP$4="TEC")*INDEX(Dati!$C$1:$AP$1000,MATCH($A13,Dati!$A$1:$A$1000,0),0)*INDEX(Dati!$CE$1:$DR$1000,MATCH($A13,Dati!$A$1:$A$1000,0),0))/SUMPRODUCT((Dati!$C$4:$AP$4="TEC")*INDEX(Dati!$CE$1:$DR$1000,MATCH($A13,Dati!$A$1:$A$1000,0),0)),2),"")) | X13: =IF(W13="","",LOOKUP(W13,Impostazioni!$E$4:$E$9,Impostazioni!$F$4:$F$9)) | Z13: =IF($B13="","",IFERROR(ROUND(SUMPRODUCT((Dati!$C$4:$AP$4="CIV")*INDEX(Dati!$C$1:$AP$1000,MATCH($A13,Dati!$A$1:$A$1000,0),0)*INDEX(Dati!$CE$1:$DR$1000,MATCH($A13,Dati!$A$1:$A$1000,0),0))/SUMPRODUCT((Dati!$C$4:$AP$4="CIV")*INDEX(Dati!$CE$1:$DR$1000,MATCH($A13,Dati!$A$1:$A$1000,0),0)),2),"")) | AA13: =IF(Z13="","",LOOKUP(Z13,Impostazioni!$E$4:$E$9,Impostazioni!$F$4:$F$9)) | AD13: =IF($B13="","",IFERROR(SUM(INDEX(Dati!$FG$1:$FP$1000,MATCH($A13,Dati!$A$1:$A$1000,0),0)),0)) | AE13: =IF($B13="","",IF($C13="ES","Esonerato: concordare con referente e dirigente",IF($C13="Ritirato","Ritirato",TRIM(IF(OR(N(M13)<Impostazioni!$B$14,N(R13)<Impostazioni!$B$14),"Pochi voti: valutazione alternativa (scritta/orale). ","")&IF(N(AD13)>0,"Da recuperare: "&AD13&". ","")&IF($D13="OP","Riferito agli obiettivi personalizzati.",""))))) | AF13: =IF($B13="","",IF($C13="ES","ES",IF(Q13<>"",Q13,P13))) | AG13: =IF($B13="","",IF($C13="ES","ES",IF(V13<>"",V13,U13))) | AH13: =IF($B13="","",IF($C13="ES","ES",IF(Y13<>"",Y13,X13))) | AI13: =IF($B13="","",IF($C13="ES","ES",IF(AB13<>"",AB13,AA13))) | AJ13: =IF($B13="","",IFERROR(ROUND(SUMPRODUCT((Dati!$AQ$3:$CD$3="1.1")*INDEX(Dati!$AQ$1:$CD$1000,MATCH($A13,Dati!$A$1:$A$1000,0),0)*INDEX(Dati!$DS$1:$FF$1000,MATCH($A13,Dati!$A$1:$A$1000,0),0))/SUMPRODUCT((Dati!$AQ$3:$CD$3="1.1")*INDEX(Dati!$DS$1:$FF$1000,MATCH($A13,Dati!$A$1:$A$1000,0),0)),2),"")) | AK13: =IF($B13="","",IFERROR(ROUND(SUMPRODUCT((Dati!$AQ$3:$CD$3="2.1")*INDEX(Dati!$AQ$1:$CD$1000,MATCH($A13,Dati!$A$1:$A$1000,0),0)*INDEX(Dati!$DS$1:$FF$1000,MATCH($A13,Dati!$A$1:$A$1000,0),0))/SUMPRODUCT((Dati!$AQ$3:$CD$3="2.1")*INDEX(Dati!$DS$1:$FF$1000,MATCH($A13,Dati!$A$1:$A$1000,0),0)),2),"")) | AL13: =IF($B13="","",IFERROR(ROUND(SUMPRODUCT((Dati!$AQ$3:$CD$3="3.1")*INDEX(Dati!$AQ$1:$CD$1000,MATCH($A13,Dati!$A$1:$A$1000,0),0)*INDEX(Dati!$DS$1:$FF$1000,MATCH($A13,Dati!$A$1:$A$1000,0),0))/SUMPRODUCT((Dati!$AQ$3:$CD$3="3.1")*INDEX(Dati!$DS$1:$FF$1000,MATCH($A13,Dati!$A$1:$A$1000,0),0)),2),"")) | AM13: =IF($B13="","",IFERROR(ROUND(SUMPRODUCT((Dati!$AQ$3:$CD$3="3.2")*INDEX(Dati!$AQ$1:$CD$1000,MATCH($A13,Dati!$A$1:$A$1000,0),0)*INDEX(Dati!$DS$1:$FF$1000,MATCH($A13,Dati!$A$1:$A$1000,0),0))/SUMPRODUCT((Dati!$AQ$3:$CD$3="3.2")*INDEX(Dati!$DS$1:$FF$1000,MATCH($A13,Dati!$A$1:$A$1000,0),0)),2),"")) | AN13: =IF($B13="","",IFERROR(ROUND(SUMPRODUCT((Dati!$AQ$3:$CD$3="3.3")*INDEX(Dati!$AQ$1:$CD$1000,MATCH($A13,Dati!$A$1:$A$1000,0),0)*INDEX(Dati!$DS$1:$FF$1000,MATCH($A13,Dati!$A$1:$A$1000,0),0))/SUMPRODUCT((Dati!$AQ$3:$CD$3="3.3")*INDEX(Dati!$DS$1:$FF$1000,MATCH($A13,Dati!$A$1:$A$1000,0),0)),2),"")) | AO13: =IF($B13="","",IFERROR(ROUND(SUMPRODUCT((Dati!$AQ$3:$CD$3="4.1")*INDEX(Dati!$AQ$1:$CD$1000,MATCH($A13,Dati!$A$1:$A$1000,0),0)*INDEX(Dati!$DS$1:$FF$1000,MATCH($A13,Dati!$A$1:$A$1000,0),0))/SUMPRODUCT((Dati!$AQ$3:$CD$3="4.1")*INDEX(Dati!$DS$1:$FF$1000,MATCH($A13,Dati!$A$1:$A$1000,0),0)),2),"")) | AP13: =IF($B13="","",IFERROR(ROUND(SUMPRODUCT((Dati!$AQ$3:$CD$3="4.2")*INDEX(Dati!$AQ$1:$CD$1000,MATCH($A13,Dati!$A$1:$A$1000,0),0)*INDEX(Dati!$DS$1:$FF$1000,MATCH($A13,Dati!$A$1:$A$1000,0),0))/SUMPRODUCT((Dati!$AQ$3:$CD$3="4.2")*INDEX(Dati!$DS$1:$FF$1000,MATCH($A13,Dati!$A$1:$A$1000,0),0)),2),"")) | AQ13: =IF($B13="","",IFERROR(ROUND(SUMPRODUCT((Dati!$AQ$3:$CD$3="4.3")*INDEX(Dati!$AQ$1:$CD$1000,MATCH($A13,Dati!$A$1:$A$1000,0),0)*INDEX(Dati!$DS$1:$FF$1000,MATCH($A13,Dati!$A$1:$A$1000,0),0))/SUMPRODUCT((Dati!$AQ$3:$CD$3="4.3")*INDEX(Dati!$DS$1:$FF$1000,MATCH($A13,Dati!$A$1:$A$1000,0),0)),2),"")) | AR13: =IF($B13="","",IFERROR(SUMPRODUCT((Dati!$AQ$4:$CD$4="A")*(INDEX(Dati!$DS$1:$FF$1000,MATCH($A13,Dati!$A$1:$A$1000,0),0)>0)),0)) | AS13: =IF($B13="","",IFERROR(ROUND(SUMPRODUCT((Dati!$AQ$4:$CD$4="A")*INDEX(Dati!$AQ$1:$CD$1000,MATCH($A13,Dati!$A$1:$A$1000,0),0)*INDEX(Dati!$DS$1:$FF$1000,MATCH($A13,Dati!$A$1:$A$1000,0),0))/SUMPRODUCT((Dati!$AQ$4:$CD$4="A")*INDEX(Dati!$DS$1:$FF$1000,MATCH($A13,Dati!$A$1:$A$1000,0),0)),2),"")) | AT13: =IF(AS13="","",IF(ISNUMBER(BH13),ROUND(Impostazioni!$B$12*AS13+Impostazioni!$B$13*BH13,2),AS13)) | AU13: =IF(AT13="","",LOOKUP(AT13,Impostazioni!$E$4:$E$9,Impostazioni!$F$4:$F$9)) | AW13: =IF($B13="","",IFERROR(SUMPRODUCT((Dati!$AQ$4:$CD$4="B")*(INDEX(Dati!$DS$1:$FF$1000,MATCH($A13,Dati!$A$1:$A$1000,0),0)>0)),0)) | AX13: =IF($B13="","",IFERROR(ROUND(SUMPRODUCT((Dati!$AQ$4:$CD$4="B")*INDEX(Dati!$AQ$1:$CD$1000,MATCH($A13,Dati!$A$1:$A$1000,0),0)*INDEX(Dati!$DS$1:$FF$1000,MATCH($A13,Dati!$A$1:$A$1000,0),0))/SUMPRODUCT((Dati!$AQ$4:$CD$4="B")*INDEX(Dati!$DS$1:$FF$1000,MATCH($A13,Dati!$A$1:$A$1000,0),0)),2),"")) | AY13: =IF(AX13="","",IF(ISNUMBER(BH13),ROUND(Impostazioni!$B$12*AX13+Impostazioni!$B$13*BH13,2),AX13)) | AZ13: =IF(AY13="","",LOOKUP(AY13,Impostazioni!$E$4:$E$9,Impostazioni!$F$4:$F$9)) | BB13: =IF($B13="","",IFERROR(ROUND(SUMPRODUCT((Dati!$AQ$4:$CD$4="TEC")*INDEX(Dati!$AQ$1:$CD$1000,MATCH($A13,Dati!$A$1:$A$1000,0),0)*INDEX(Dati!$DS$1:$FF$1000,MATCH($A13,Dati!$A$1:$A$1000,0),0))/SUMPRODUCT((Dati!$AQ$4:$CD$4="TEC")*INDEX(Dati!$DS$1:$FF$1000,MATCH($A13,Dati!$A$1:$A$1000,0),0)),2),"")) | BC13: =IF(BB13="","",LOOKUP(BB13,Impostazioni!$E$4:$E$9,Impostazioni!$F$4:$F$9)) | BE13: =IF($B13="","",IFERROR(ROUND(SUMPRODUCT((Dati!$AQ$4:$CD$4="CIV")*INDEX(Dati!$AQ$1:$CD$1000,MATCH($A13,Dati!$A$1:$A$1000,0),0)*INDEX(Dati!$DS$1:$FF$1000,MATCH($A13,Dati!$A$1:$A$1000,0),0))/SUMPRODUCT((Dati!$AQ$4:$CD$4="CIV")*INDEX(Dati!$DS$1:$FF$1000,MATCH($A13,Dati!$A$1:$A$1000,0),0)),2),"")) | BF13: =IF(BE13="","",LOOKUP(BE13,Impostazioni!$E$4:$E$9,Impostazioni!$F$4:$F$9)) | BI13: =IF($B13="","",IFERROR(SUM(INDEX(Dati!$FQ$1:$FZ$1000,MATCH($A13,Dati!$A$1:$A$1000,0),0)),0)) | BJ13: =IF($B13="","",IF($C13="ES","Esonerato: concordare con referente e dirigente",IF($C13="Ritirato","Ritirato",TRIM(IF(OR(N(AR13)<Impostazioni!$B$14,N(AW13)<Impostazioni!$B$14),"Pochi voti: valutazione alternativa (scritta/orale). ","")&IF(N(BI13)>0,"Da recuperare: "&BI13&". ","")&IF($D13="OP","Riferito agli obiettivi personalizzati.",""))))) | BK13: =IF($B13="","",IF($C13="ES","ES",IF(AV13<>"",AV13,AU13))) | BL13: =IF($B13="","",IF($C13="ES","ES",IF(BA13<>"",BA13,AZ13))) | BM13: =IF($B13="","",IF($C13="ES","ES",IF(BD13<>"",BD13,BC13))) | BN13: =IF($B13="","",IF($C13="ES","ES",IF(BG13<>"",BG13,BF13)))
A14: 7 | B14: =IFERROR(INDEX(Alunni!$C$1:$C$1000,MATCH($A14,Alunni!$A$1:$A$1000,0))&"","") | C14: =IFERROR(INDEX(Alunni!$D$1:$D$1000,MATCH($A14,Alunni!$A$1:$A$1000,0))&"","") | D14: =IFERROR(INDEX(Alunni!$E$1:$E$1000,MATCH($A14,Alunni!$A$1:$A$1000,0))&"","") | E14: =IF($B14="","",IFERROR(ROUND(SUMPRODUCT((Dati!$C$3:$AP$3="1.1")*INDEX(Dati!$C$1:$AP$1000,MATCH($A14,Dati!$A$1:$A$1000,0),0)*INDEX(Dati!$CE$1:$DR$1000,MATCH($A14,Dati!$A$1:$A$1000,0),0))/SUMPRODUCT((Dati!$C$3:$AP$3="1.1")*INDEX(Dati!$CE$1:$DR$1000,MATCH($A14,Dati!$A$1:$A$1000,0),0)),2),"")) | F14: =IF($B14="","",IFERROR(ROUND(SUMPRODUCT((Dati!$C$3:$AP$3="2.1")*INDEX(Dati!$C$1:$AP$1000,MATCH($A14,Dati!$A$1:$A$1000,0),0)*INDEX(Dati!$CE$1:$DR$1000,MATCH($A14,Dati!$A$1:$A$1000,0),0))/SUMPRODUCT((Dati!$C$3:$AP$3="2.1")*INDEX(Dati!$CE$1:$DR$1000,MATCH($A14,Dati!$A$1:$A$1000,0),0)),2),"")) | G14: =IF($B14="","",IFERROR(ROUND(SUMPRODUCT((Dati!$C$3:$AP$3="3.1")*INDEX(Dati!$C$1:$AP$1000,MATCH($A14,Dati!$A$1:$A$1000,0),0)*INDEX(Dati!$CE$1:$DR$1000,MATCH($A14,Dati!$A$1:$A$1000,0),0))/SUMPRODUCT((Dati!$C$3:$AP$3="3.1")*INDEX(Dati!$CE$1:$DR$1000,MATCH($A14,Dati!$A$1:$A$1000,0),0)),2),"")) | H14: =IF($B14="","",IFERROR(ROUND(SUMPRODUCT((Dati!$C$3:$AP$3="3.2")*INDEX(Dati!$C$1:$AP$1000,MATCH($A14,Dati!$A$1:$A$1000,0),0)*INDEX(Dati!$CE$1:$DR$1000,MATCH($A14,Dati!$A$1:$A$1000,0),0))/SUMPRODUCT((Dati!$C$3:$AP$3="3.2")*INDEX(Dati!$CE$1:$DR$1000,MATCH($A14,Dati!$A$1:$A$1000,0),0)),2),"")) | I14: =IF($B14="","",IFERROR(ROUND(SUMPRODUCT((Dati!$C$3:$AP$3="3.3")*INDEX(Dati!$C$1:$AP$1000,MATCH($A14,Dati!$A$1:$A$1000,0),0)*INDEX(Dati!$CE$1:$DR$1000,MATCH($A14,Dati!$A$1:$A$1000,0),0))/SUMPRODUCT((Dati!$C$3:$AP$3="3.3")*INDEX(Dati!$CE$1:$DR$1000,MATCH($A14,Dati!$A$1:$A$1000,0),0)),2),"")) | J14: =IF($B14="","",IFERROR(ROUND(SUMPRODUCT((Dati!$C$3:$AP$3="4.1")*INDEX(Dati!$C$1:$AP$1000,MATCH($A14,Dati!$A$1:$A$1000,0),0)*INDEX(Dati!$CE$1:$DR$1000,MATCH($A14,Dati!$A$1:$A$1000,0),0))/SUMPRODUCT((Dati!$C$3:$AP$3="4.1")*INDEX(Dati!$CE$1:$DR$1000,MATCH($A14,Dati!$A$1:$A$1000,0),0)),2),"")) | K14: =IF($B14="","",IFERROR(ROUND(SUMPRODUCT((Dati!$C$3:$AP$3="4.2")*INDEX(Dati!$C$1:$AP$1000,MATCH($A14,Dati!$A$1:$A$1000,0),0)*INDEX(Dati!$CE$1:$DR$1000,MATCH($A14,Dati!$A$1:$A$1000,0),0))/SUMPRODUCT((Dati!$C$3:$AP$3="4.2")*INDEX(Dati!$CE$1:$DR$1000,MATCH($A14,Dati!$A$1:$A$1000,0),0)),2),"")) | L14: =IF($B14="","",IFERROR(ROUND(SUMPRODUCT((Dati!$C$3:$AP$3="4.3")*INDEX(Dati!$C$1:$AP$1000,MATCH($A14,Dati!$A$1:$A$1000,0),0)*INDEX(Dati!$CE$1:$DR$1000,MATCH($A14,Dati!$A$1:$A$1000,0),0))/SUMPRODUCT((Dati!$C$3:$AP$3="4.3")*INDEX(Dati!$CE$1:$DR$1000,MATCH($A14,Dati!$A$1:$A$1000,0),0)),2),"")) | M14: =IF($B14="","",IFERROR(SUMPRODUCT((Dati!$C$4:$AP$4="A")*(INDEX(Dati!$CE$1:$DR$1000,MATCH($A14,Dati!$A$1:$A$1000,0),0)>0)),0)) | N14: =IF($B14="","",IFERROR(ROUND(SUMPRODUCT((Dati!$C$4:$AP$4="A")*INDEX(Dati!$C$1:$AP$1000,MATCH($A14,Dati!$A$1:$A$1000,0),0)*INDEX(Dati!$CE$1:$DR$1000,MATCH($A14,Dati!$A$1:$A$1000,0),0))/SUMPRODUCT((Dati!$C$4:$AP$4="A")*INDEX(Dati!$CE$1:$DR$1000,MATCH($A14,Dati!$A$1:$A$1000,0),0)),2),"")) | O14: =IF(N14="","",IF(ISNUMBER(AC14),ROUND(Impostazioni!$B$12*N14+Impostazioni!$B$13*AC14,2),N14)) | P14: =IF(O14="","",LOOKUP(O14,Impostazioni!$E$4:$E$9,Impostazioni!$F$4:$F$9)) | R14: =IF($B14="","",IFERROR(SUMPRODUCT((Dati!$C$4:$AP$4="B")*(INDEX(Dati!$CE$1:$DR$1000,MATCH($A14,Dati!$A$1:$A$1000,0),0)>0)),0)) | S14: =IF($B14="","",IFERROR(ROUND(SUMPRODUCT((Dati!$C$4:$AP$4="B")*INDEX(Dati!$C$1:$AP$1000,MATCH($A14,Dati!$A$1:$A$1000,0),0)*INDEX(Dati!$CE$1:$DR$1000,MATCH($A14,Dati!$A$1:$A$1000,0),0))/SUMPRODUCT((Dati!$C$4:$AP$4="B")*INDEX(Dati!$CE$1:$DR$1000,MATCH($A14,Dati!$A$1:$A$1000,0),0)),2),"")) | T14: =IF(S14="","",IF(ISNUMBER(AC14),ROUND(Impostazioni!$B$12*S14+Impostazioni!$B$13*AC14,2),S14)) | U14: =IF(T14="","",LOOKUP(T14,Impostazioni!$E$4:$E$9,Impostazioni!$F$4:$F$9)) | W14: =IF($B14="","",IFERROR(ROUND(SUMPRODUCT((Dati!$C$4:$AP$4="TEC")*INDEX(Dati!$C$1:$AP$1000,MATCH($A14,Dati!$A$1:$A$1000,0),0)*INDEX(Dati!$CE$1:$DR$1000,MATCH($A14,Dati!$A$1:$A$1000,0),0))/SUMPRODUCT((Dati!$C$4:$AP$4="TEC")*INDEX(Dati!$CE$1:$DR$1000,MATCH($A14,Dati!$A$1:$A$1000,0),0)),2),"")) | X14: =IF(W14="","",LOOKUP(W14,Impostazioni!$E$4:$E$9,Impostazioni!$F$4:$F$9)) | Z14: =IF($B14="","",IFERROR(ROUND(SUMPRODUCT((Dati!$C$4:$AP$4="CIV")*INDEX(Dati!$C$1:$AP$1000,MATCH($A14,Dati!$A$1:$A$1000,0),0)*INDEX(Dati!$CE$1:$DR$1000,MATCH($A14,Dati!$A$1:$A$1000,0),0))/SUMPRODUCT((Dati!$C$4:$AP$4="CIV")*INDEX(Dati!$CE$1:$DR$1000,MATCH($A14,Dati!$A$1:$A$1000,0),0)),2),"")) | AA14: =IF(Z14="","",LOOKUP(Z14,Impostazioni!$E$4:$E$9,Impostazioni!$F$4:$F$9)) | AD14: =IF($B14="","",IFERROR(SUM(INDEX(Dati!$FG$1:$FP$1000,MATCH($A14,Dati!$A$1:$A$1000,0),0)),0)) | AE14: =IF($B14="","",IF($C14="ES","Esonerato: concordare con referente e dirigente",IF($C14="Ritirato","Ritirato",TRIM(IF(OR(N(M14)<Impostazioni!$B$14,N(R14)<Impostazioni!$B$14),"Pochi voti: valutazione alternativa (scritta/orale). ","")&IF(N(AD14)>0,"Da recuperare: "&AD14&". ","")&IF($D14="OP","Riferito agli obiettivi personalizzati.",""))))) | AF14: =IF($B14="","",IF($C14="ES","ES",IF(Q14<>"",Q14,P14))) | AG14: =IF($B14="","",IF($C14="ES","ES",IF(V14<>"",V14,U14))) | AH14: =IF($B14="","",IF($C14="ES","ES",IF(Y14<>"",Y14,X14))) | AI14: =IF($B14="","",IF($C14="ES","ES",IF(AB14<>"",AB14,AA14))) | AJ14: =IF($B14="","",IFERROR(ROUND(SUMPRODUCT((Dati!$AQ$3:$CD$3="1.1")*INDEX(Dati!$AQ$1:$CD$1000,MATCH($A14,Dati!$A$1:$A$1000,0),0)*INDEX(Dati!$DS$1:$FF$1000,MATCH($A14,Dati!$A$1:$A$1000,0),0))/SUMPRODUCT((Dati!$AQ$3:$CD$3="1.1")*INDEX(Dati!$DS$1:$FF$1000,MATCH($A14,Dati!$A$1:$A$1000,0),0)),2),"")) | AK14: =IF($B14="","",IFERROR(ROUND(SUMPRODUCT((Dati!$AQ$3:$CD$3="2.1")*INDEX(Dati!$AQ$1:$CD$1000,MATCH($A14,Dati!$A$1:$A$1000,0),0)*INDEX(Dati!$DS$1:$FF$1000,MATCH($A14,Dati!$A$1:$A$1000,0),0))/SUMPRODUCT((Dati!$AQ$3:$CD$3="2.1")*INDEX(Dati!$DS$1:$FF$1000,MATCH($A14,Dati!$A$1:$A$1000,0),0)),2),"")) | AL14: =IF($B14="","",IFERROR(ROUND(SUMPRODUCT((Dati!$AQ$3:$CD$3="3.1")*INDEX(Dati!$AQ$1:$CD$1000,MATCH($A14,Dati!$A$1:$A$1000,0),0)*INDEX(Dati!$DS$1:$FF$1000,MATCH($A14,Dati!$A$1:$A$1000,0),0))/SUMPRODUCT((Dati!$AQ$3:$CD$3="3.1")*INDEX(Dati!$DS$1:$FF$1000,MATCH($A14,Dati!$A$1:$A$1000,0),0)),2),"")) | AM14: =IF($B14="","",IFERROR(ROUND(SUMPRODUCT((Dati!$AQ$3:$CD$3="3.2")*INDEX(Dati!$AQ$1:$CD$1000,MATCH($A14,Dati!$A$1:$A$1000,0),0)*INDEX(Dati!$DS$1:$FF$1000,MATCH($A14,Dati!$A$1:$A$1000,0),0))/SUMPRODUCT((Dati!$AQ$3:$CD$3="3.2")*INDEX(Dati!$DS$1:$FF$1000,MATCH($A14,Dati!$A$1:$A$1000,0),0)),2),"")) | AN14: =IF($B14="","",IFERROR(ROUND(SUMPRODUCT((Dati!$AQ$3:$CD$3="3.3")*INDEX(Dati!$AQ$1:$CD$1000,MATCH($A14,Dati!$A$1:$A$1000,0),0)*INDEX(Dati!$DS$1:$FF$1000,MATCH($A14,Dati!$A$1:$A$1000,0),0))/SUMPRODUCT((Dati!$AQ$3:$CD$3="3.3")*INDEX(Dati!$DS$1:$FF$1000,MATCH($A14,Dati!$A$1:$A$1000,0),0)),2),"")) | AO14: =IF($B14="","",IFERROR(ROUND(SUMPRODUCT((Dati!$AQ$3:$CD$3="4.1")*INDEX(Dati!$AQ$1:$CD$1000,MATCH($A14,Dati!$A$1:$A$1000,0),0)*INDEX(Dati!$DS$1:$FF$1000,MATCH($A14,Dati!$A$1:$A$1000,0),0))/SUMPRODUCT((Dati!$AQ$3:$CD$3="4.1")*INDEX(Dati!$DS$1:$FF$1000,MATCH($A14,Dati!$A$1:$A$1000,0),0)),2),"")) | AP14: =IF($B14="","",IFERROR(ROUND(SUMPRODUCT((Dati!$AQ$3:$CD$3="4.2")*INDEX(Dati!$AQ$1:$CD$1000,MATCH($A14,Dati!$A$1:$A$1000,0),0)*INDEX(Dati!$DS$1:$FF$1000,MATCH($A14,Dati!$A$1:$A$1000,0),0))/SUMPRODUCT((Dati!$AQ$3:$CD$3="4.2")*INDEX(Dati!$DS$1:$FF$1000,MATCH($A14,Dati!$A$1:$A$1000,0),0)),2),"")) | AQ14: =IF($B14="","",IFERROR(ROUND(SUMPRODUCT((Dati!$AQ$3:$CD$3="4.3")*INDEX(Dati!$AQ$1:$CD$1000,MATCH($A14,Dati!$A$1:$A$1000,0),0)*INDEX(Dati!$DS$1:$FF$1000,MATCH($A14,Dati!$A$1:$A$1000,0),0))/SUMPRODUCT((Dati!$AQ$3:$CD$3="4.3")*INDEX(Dati!$DS$1:$FF$1000,MATCH($A14,Dati!$A$1:$A$1000,0),0)),2),"")) | AR14: =IF($B14="","",IFERROR(SUMPRODUCT((Dati!$AQ$4:$CD$4="A")*(INDEX(Dati!$DS$1:$FF$1000,MATCH($A14,Dati!$A$1:$A$1000,0),0)>0)),0)) | AS14: =IF($B14="","",IFERROR(ROUND(SUMPRODUCT((Dati!$AQ$4:$CD$4="A")*INDEX(Dati!$AQ$1:$CD$1000,MATCH($A14,Dati!$A$1:$A$1000,0),0)*INDEX(Dati!$DS$1:$FF$1000,MATCH($A14,Dati!$A$1:$A$1000,0),0))/SUMPRODUCT((Dati!$AQ$4:$CD$4="A")*INDEX(Dati!$DS$1:$FF$1000,MATCH($A14,Dati!$A$1:$A$1000,0),0)),2),"")) | AT14: =IF(AS14="","",IF(ISNUMBER(BH14),ROUND(Impostazioni!$B$12*AS14+Impostazioni!$B$13*BH14,2),AS14)) | AU14: =IF(AT14="","",LOOKUP(AT14,Impostazioni!$E$4:$E$9,Impostazioni!$F$4:$F$9)) | AW14: =IF($B14="","",IFERROR(SUMPRODUCT((Dati!$AQ$4:$CD$4="B")*(INDEX(Dati!$DS$1:$FF$1000,MATCH($A14,Dati!$A$1:$A$1000,0),0)>0)),0)) | AX14: =IF($B14="","",IFERROR(ROUND(SUMPRODUCT((Dati!$AQ$4:$CD$4="B")*INDEX(Dati!$AQ$1:$CD$1000,MATCH($A14,Dati!$A$1:$A$1000,0),0)*INDEX(Dati!$DS$1:$FF$1000,MATCH($A14,Dati!$A$1:$A$1000,0),0))/SUMPRODUCT((Dati!$AQ$4:$CD$4="B")*INDEX(Dati!$DS$1:$FF$1000,MATCH($A14,Dati!$A$1:$A$1000,0),0)),2),"")) | AY14: =IF(AX14="","",IF(ISNUMBER(BH14),ROUND(Impostazioni!$B$12*AX14+Impostazioni!$B$13*BH14,2),AX14)) | AZ14: =IF(AY14="","",LOOKUP(AY14,Impostazioni!$E$4:$E$9,Impostazioni!$F$4:$F$9)) | BB14: =IF($B14="","",IFERROR(ROUND(SUMPRODUCT((Dati!$AQ$4:$CD$4="TEC")*INDEX(Dati!$AQ$1:$CD$1000,MATCH($A14,Dati!$A$1:$A$1000,0),0)*INDEX(Dati!$DS$1:$FF$1000,MATCH($A14,Dati!$A$1:$A$1000,0),0))/SUMPRODUCT((Dati!$AQ$4:$CD$4="TEC")*INDEX(Dati!$DS$1:$FF$1000,MATCH($A14,Dati!$A$1:$A$1000,0),0)),2),"")) | BC14: =IF(BB14="","",LOOKUP(BB14,Impostazioni!$E$4:$E$9,Impostazioni!$F$4:$F$9)) | BE14: =IF($B14="","",IFERROR(ROUND(SUMPRODUCT((Dati!$AQ$4:$CD$4="CIV")*INDEX(Dati!$AQ$1:$CD$1000,MATCH($A14,Dati!$A$1:$A$1000,0),0)*INDEX(Dati!$DS$1:$FF$1000,MATCH($A14,Dati!$A$1:$A$1000,0),0))/SUMPRODUCT((Dati!$AQ$4:$CD$4="CIV")*INDEX(Dati!$DS$1:$FF$1000,MATCH($A14,Dati!$A$1:$A$1000,0),0)),2),"")) | BF14: =IF(BE14="","",LOOKUP(BE14,Impostazioni!$E$4:$E$9,Impostazioni!$F$4:$F$9)) | BI14: =IF($B14="","",IFERROR(SUM(INDEX(Dati!$FQ$1:$FZ$1000,MATCH($A14,Dati!$A$1:$A$1000,0),0)),0)) | BJ14: =IF($B14="","",IF($C14="ES","Esonerato: concordare con referente e dirigente",IF($C14="Ritirato","Ritirato",TRIM(IF(OR(N(AR14)<Impostazioni!$B$14,N(AW14)<Impostazioni!$B$14),"Pochi voti: valutazione alternativa (scritta/orale). ","")&IF(N(BI14)>0,"Da recuperare: "&BI14&". ","")&IF($D14="OP","Riferito agli obiettivi personalizzati.",""))))) | BK14: =IF($B14="","",IF($C14="ES","ES",IF(AV14<>"",AV14,AU14))) | BL14: =IF($B14="","",IF($C14="ES","ES",IF(BA14<>"",BA14,AZ14))) | BM14: =IF($B14="","",IF($C14="ES","ES",IF(BD14<>"",BD14,BC14))) | BN14: =IF($B14="","",IF($C14="ES","ES",IF(BG14<>"",BG14,BF14)))
A15: 8 | B15: =IFERROR(INDEX(Alunni!$C$1:$C$1000,MATCH($A15,Alunni!$A$1:$A$1000,0))&"","") | C15: =IFERROR(INDEX(Alunni!$D$1:$D$1000,MATCH($A15,Alunni!$A$1:$A$1000,0))&"","") | D15: =IFERROR(INDEX(Alunni!$E$1:$E$1000,MATCH($A15,Alunni!$A$1:$A$1000,0))&"","") | E15: =IF($B15="","",IFERROR(ROUND(SUMPRODUCT((Dati!$C$3:$AP$3="1.1")*INDEX(Dati!$C$1:$AP$1000,MATCH($A15,Dati!$A$1:$A$1000,0),0)*INDEX(Dati!$CE$1:$DR$1000,MATCH($A15,Dati!$A$1:$A$1000,0),0))/SUMPRODUCT((Dati!$C$3:$AP$3="1.1")*INDEX(Dati!$CE$1:$DR$1000,MATCH($A15,Dati!$A$1:$A$1000,0),0)),2),"")) | F15: =IF($B15="","",IFERROR(ROUND(SUMPRODUCT((Dati!$C$3:$AP$3="2.1")*INDEX(Dati!$C$1:$AP$1000,MATCH($A15,Dati!$A$1:$A$1000,0),0)*INDEX(Dati!$CE$1:$DR$1000,MATCH($A15,Dati!$A$1:$A$1000,0),0))/SUMPRODUCT((Dati!$C$3:$AP$3="2.1")*INDEX(Dati!$CE$1:$DR$1000,MATCH($A15,Dati!$A$1:$A$1000,0),0)),2),"")) | G15: =IF($B15="","",IFERROR(ROUND(SUMPRODUCT((Dati!$C$3:$AP$3="3.1")*INDEX(Dati!$C$1:$AP$1000,MATCH($A15,Dati!$A$1:$A$1000,0),0)*INDEX(Dati!$CE$1:$DR$1000,MATCH($A15,Dati!$A$1:$A$1000,0),0))/SUMPRODUCT((Dati!$C$3:$AP$3="3.1")*INDEX(Dati!$CE$1:$DR$1000,MATCH($A15,Dati!$A$1:$A$1000,0),0)),2),"")) | H15: =IF($B15="","",IFERROR(ROUND(SUMPRODUCT((Dati!$C$3:$AP$3="3.2")*INDEX(Dati!$C$1:$AP$1000,MATCH($A15,Dati!$A$1:$A$1000,0),0)*INDEX(Dati!$CE$1:$DR$1000,MATCH($A15,Dati!$A$1:$A$1000,0),0))/SUMPRODUCT((Dati!$C$3:$AP$3="3.2")*INDEX(Dati!$CE$1:$DR$1000,MATCH($A15,Dati!$A$1:$A$1000,0),0)),2),"")) | I15: =IF($B15="","",IFERROR(ROUND(SUMPRODUCT((Dati!$C$3:$AP$3="3.3")*INDEX(Dati!$C$1:$AP$1000,MATCH($A15,Dati!$A$1:$A$1000,0),0)*INDEX(Dati!$CE$1:$DR$1000,MATCH($A15,Dati!$A$1:$A$1000,0),0))/SUMPRODUCT((Dati!$C$3:$AP$3="3.3")*INDEX(Dati!$CE$1:$DR$1000,MATCH($A15,Dati!$A$1:$A$1000,0),0)),2),"")) | J15: =IF($B15="","",IFERROR(ROUND(SUMPRODUCT((Dati!$C$3:$AP$3="4.1")*INDEX(Dati!$C$1:$AP$1000,MATCH($A15,Dati!$A$1:$A$1000,0),0)*INDEX(Dati!$CE$1:$DR$1000,MATCH($A15,Dati!$A$1:$A$1000,0),0))/SUMPRODUCT((Dati!$C$3:$AP$3="4.1")*INDEX(Dati!$CE$1:$DR$1000,MATCH($A15,Dati!$A$1:$A$1000,0),0)),2),"")) | K15: =IF($B15="","",IFERROR(ROUND(SUMPRODUCT((Dati!$C$3:$AP$3="4.2")*INDEX(Dati!$C$1:$AP$1000,MATCH($A15,Dati!$A$1:$A$1000,0),0)*INDEX(Dati!$CE$1:$DR$1000,MATCH($A15,Dati!$A$1:$A$1000,0),0))/SUMPRODUCT((Dati!$C$3:$AP$3="4.2")*INDEX(Dati!$CE$1:$DR$1000,MATCH($A15,Dati!$A$1:$A$1000,0),0)),2),"")) | L15: =IF($B15="","",IFERROR(ROUND(SUMPRODUCT((Dati!$C$3:$AP$3="4.3")*INDEX(Dati!$C$1:$AP$1000,MATCH($A15,Dati!$A$1:$A$1000,0),0)*INDEX(Dati!$CE$1:$DR$1000,MATCH($A15,Dati!$A$1:$A$1000,0),0))/SUMPRODUCT((Dati!$C$3:$AP$3="4.3")*INDEX(Dati!$CE$1:$DR$1000,MATCH($A15,Dati!$A$1:$A$1000,0),0)),2),"")) | M15: =IF($B15="","",IFERROR(SUMPRODUCT((Dati!$C$4:$AP$4="A")*(INDEX(Dati!$CE$1:$DR$1000,MATCH($A15,Dati!$A$1:$A$1000,0),0)>0)),0)) | N15: =IF($B15="","",IFERROR(ROUND(SUMPRODUCT((Dati!$C$4:$AP$4="A")*INDEX(Dati!$C$1:$AP$1000,MATCH($A15,Dati!$A$1:$A$1000,0),0)*INDEX(Dati!$CE$1:$DR$1000,MATCH($A15,Dati!$A$1:$A$1000,0),0))/SUMPRODUCT((Dati!$C$4:$AP$4="A")*INDEX(Dati!$CE$1:$DR$1000,MATCH($A15,Dati!$A$1:$A$1000,0),0)),2),"")) | O15: =IF(N15="","",IF(ISNUMBER(AC15),ROUND(Impostazioni!$B$12*N15+Impostazioni!$B$13*AC15,2),N15)) | P15: =IF(O15="","",LOOKUP(O15,Impostazioni!$E$4:$E$9,Impostazioni!$F$4:$F$9)) | R15: =IF($B15="","",IFERROR(SUMPRODUCT((Dati!$C$4:$AP$4="B")*(INDEX(Dati!$CE$1:$DR$1000,MATCH($A15,Dati!$A$1:$A$1000,0),0)>0)),0)) | S15: =IF($B15="","",IFERROR(ROUND(SUMPRODUCT((Dati!$C$4:$AP$4="B")*INDEX(Dati!$C$1:$AP$1000,MATCH($A15,Dati!$A$1:$A$1000,0),0)*INDEX(Dati!$CE$1:$DR$1000,MATCH($A15,Dati!$A$1:$A$1000,0),0))/SUMPRODUCT((Dati!$C$4:$AP$4="B")*INDEX(Dati!$CE$1:$DR$1000,MATCH($A15,Dati!$A$1:$A$1000,0),0)),2),"")) | T15: =IF(S15="","",IF(ISNUMBER(AC15),ROUND(Impostazioni!$B$12*S15+Impostazioni!$B$13*AC15,2),S15)) | U15: =IF(T15="","",LOOKUP(T15,Impostazioni!$E$4:$E$9,Impostazioni!$F$4:$F$9)) | W15: =IF($B15="","",IFERROR(ROUND(SUMPRODUCT((Dati!$C$4:$AP$4="TEC")*INDEX(Dati!$C$1:$AP$1000,MATCH($A15,Dati!$A$1:$A$1000,0),0)*INDEX(Dati!$CE$1:$DR$1000,MATCH($A15,Dati!$A$1:$A$1000,0),0))/SUMPRODUCT((Dati!$C$4:$AP$4="TEC")*INDEX(Dati!$CE$1:$DR$1000,MATCH($A15,Dati!$A$1:$A$1000,0),0)),2),"")) | X15: =IF(W15="","",LOOKUP(W15,Impostazioni!$E$4:$E$9,Impostazioni!$F$4:$F$9)) | Z15: =IF($B15="","",IFERROR(ROUND(SUMPRODUCT((Dati!$C$4:$AP$4="CIV")*INDEX(Dati!$C$1:$AP$1000,MATCH($A15,Dati!$A$1:$A$1000,0),0)*INDEX(Dati!$CE$1:$DR$1000,MATCH($A15,Dati!$A$1:$A$1000,0),0))/SUMPRODUCT((Dati!$C$4:$AP$4="CIV")*INDEX(Dati!$CE$1:$DR$1000,MATCH($A15,Dati!$A$1:$A$1000,0),0)),2),"")) | AA15: =IF(Z15="","",LOOKUP(Z15,Impostazioni!$E$4:$E$9,Impostazioni!$F$4:$F$9)) | AD15: =IF($B15="","",IFERROR(SUM(INDEX(Dati!$FG$1:$FP$1000,MATCH($A15,Dati!$A$1:$A$1000,0),0)),0)) | AE15: =IF($B15="","",IF($C15="ES","Esonerato: concordare con referente e dirigente",IF($C15="Ritirato","Ritirato",TRIM(IF(OR(N(M15)<Impostazioni!$B$14,N(R15)<Impostazioni!$B$14),"Pochi voti: valutazione alternativa (scritta/orale). ","")&IF(N(AD15)>0,"Da recuperare: "&AD15&". ","")&IF($D15="OP","Riferito agli obiettivi personalizzati.",""))))) | AF15: =IF($B15="","",IF($C15="ES","ES",IF(Q15<>"",Q15,P15))) | AG15: =IF($B15="","",IF($C15="ES","ES",IF(V15<>"",V15,U15))) | AH15: =IF($B15="","",IF($C15="ES","ES",IF(Y15<>"",Y15,X15))) | AI15: =IF($B15="","",IF($C15="ES","ES",IF(AB15<>"",AB15,AA15))) | AJ15: =IF($B15="","",IFERROR(ROUND(SUMPRODUCT((Dati!$AQ$3:$CD$3="1.1")*INDEX(Dati!$AQ$1:$CD$1000,MATCH($A15,Dati!$A$1:$A$1000,0),0)*INDEX(Dati!$DS$1:$FF$1000,MATCH($A15,Dati!$A$1:$A$1000,0),0))/SUMPRODUCT((Dati!$AQ$3:$CD$3="1.1")*INDEX(Dati!$DS$1:$FF$1000,MATCH($A15,Dati!$A$1:$A$1000,0),0)),2),"")) | AK15: =IF($B15="","",IFERROR(ROUND(SUMPRODUCT((Dati!$AQ$3:$CD$3="2.1")*INDEX(Dati!$AQ$1:$CD$1000,MATCH($A15,Dati!$A$1:$A$1000,0),0)*INDEX(Dati!$DS$1:$FF$1000,MATCH($A15,Dati!$A$1:$A$1000,0),0))/SUMPRODUCT((Dati!$AQ$3:$CD$3="2.1")*INDEX(Dati!$DS$1:$FF$1000,MATCH($A15,Dati!$A$1:$A$1000,0),0)),2),"")) | AL15: =IF($B15="","",IFERROR(ROUND(SUMPRODUCT((Dati!$AQ$3:$CD$3="3.1")*INDEX(Dati!$AQ$1:$CD$1000,MATCH($A15,Dati!$A$1:$A$1000,0),0)*INDEX(Dati!$DS$1:$FF$1000,MATCH($A15,Dati!$A$1:$A$1000,0),0))/SUMPRODUCT((Dati!$AQ$3:$CD$3="3.1")*INDEX(Dati!$DS$1:$FF$1000,MATCH($A15,Dati!$A$1:$A$1000,0),0)),2),"")) | AM15: =IF($B15="","",IFERROR(ROUND(SUMPRODUCT((Dati!$AQ$3:$CD$3="3.2")*INDEX(Dati!$AQ$1:$CD$1000,MATCH($A15,Dati!$A$1:$A$1000,0),0)*INDEX(Dati!$DS$1:$FF$1000,MATCH($A15,Dati!$A$1:$A$1000,0),0))/SUMPRODUCT((Dati!$AQ$3:$CD$3="3.2")*INDEX(Dati!$DS$1:$FF$1000,MATCH($A15,Dati!$A$1:$A$1000,0),0)),2),"")) | AN15: =IF($B15="","",IFERROR(ROUND(SUMPRODUCT((Dati!$AQ$3:$CD$3="3.3")*INDEX(Dati!$AQ$1:$CD$1000,MATCH($A15,Dati!$A$1:$A$1000,0),0)*INDEX(Dati!$DS$1:$FF$1000,MATCH($A15,Dati!$A$1:$A$1000,0),0))/SUMPRODUCT((Dati!$AQ$3:$CD$3="3.3")*INDEX(Dati!$DS$1:$FF$1000,MATCH($A15,Dati!$A$1:$A$1000,0),0)),2),"")) | AO15: =IF($B15="","",IFERROR(ROUND(SUMPRODUCT((Dati!$AQ$3:$CD$3="4.1")*INDEX(Dati!$AQ$1:$CD$1000,MATCH($A15,Dati!$A$1:$A$1000,0),0)*INDEX(Dati!$DS$1:$FF$1000,MATCH($A15,Dati!$A$1:$A$1000,0),0))/SUMPRODUCT((Dati!$AQ$3:$CD$3="4.1")*INDEX(Dati!$DS$1:$FF$1000,MATCH($A15,Dati!$A$1:$A$1000,0),0)),2),"")) | AP15: =IF($B15="","",IFERROR(ROUND(SUMPRODUCT((Dati!$AQ$3:$CD$3="4.2")*INDEX(Dati!$AQ$1:$CD$1000,MATCH($A15,Dati!$A$1:$A$1000,0),0)*INDEX(Dati!$DS$1:$FF$1000,MATCH($A15,Dati!$A$1:$A$1000,0),0))/SUMPRODUCT((Dati!$AQ$3:$CD$3="4.2")*INDEX(Dati!$DS$1:$FF$1000,MATCH($A15,Dati!$A$1:$A$1000,0),0)),2),"")) | AQ15: =IF($B15="","",IFERROR(ROUND(SUMPRODUCT((Dati!$AQ$3:$CD$3="4.3")*INDEX(Dati!$AQ$1:$CD$1000,MATCH($A15,Dati!$A$1:$A$1000,0),0)*INDEX(Dati!$DS$1:$FF$1000,MATCH($A15,Dati!$A$1:$A$1000,0),0))/SUMPRODUCT((Dati!$AQ$3:$CD$3="4.3")*INDEX(Dati!$DS$1:$FF$1000,MATCH($A15,Dati!$A$1:$A$1000,0),0)),2),"")) | AR15: =IF($B15="","",IFERROR(SUMPRODUCT((Dati!$AQ$4:$CD$4="A")*(INDEX(Dati!$DS$1:$FF$1000,MATCH($A15,Dati!$A$1:$A$1000,0),0)>0)),0)) | AS15: =IF($B15="","",IFERROR(ROUND(SUMPRODUCT((Dati!$AQ$4:$CD$4="A")*INDEX(Dati!$AQ$1:$CD$1000,MATCH($A15,Dati!$A$1:$A$1000,0),0)*INDEX(Dati!$DS$1:$FF$1000,MATCH($A15,Dati!$A$1:$A$1000,0),0))/SUMPRODUCT((Dati!$AQ$4:$CD$4="A")*INDEX(Dati!$DS$1:$FF$1000,MATCH($A15,Dati!$A$1:$A$1000,0),0)),2),"")) | AT15: =IF(AS15="","",IF(ISNUMBER(BH15),ROUND(Impostazioni!$B$12*AS15+Impostazioni!$B$13*BH15,2),AS15)) | AU15: =IF(AT15="","",LOOKUP(AT15,Impostazioni!$E$4:$E$9,Impostazioni!$F$4:$F$9)) | AW15: =IF($B15="","",IFERROR(SUMPRODUCT((Dati!$AQ$4:$CD$4="B")*(INDEX(Dati!$DS$1:$FF$1000,MATCH($A15,Dati!$A$1:$A$1000,0),0)>0)),0)) | AX15: =IF($B15="","",IFERROR(ROUND(SUMPRODUCT((Dati!$AQ$4:$CD$4="B")*INDEX(Dati!$AQ$1:$CD$1000,MATCH($A15,Dati!$A$1:$A$1000,0),0)*INDEX(Dati!$DS$1:$FF$1000,MATCH($A15,Dati!$A$1:$A$1000,0),0))/SUMPRODUCT((Dati!$AQ$4:$CD$4="B")*INDEX(Dati!$DS$1:$FF$1000,MATCH($A15,Dati!$A$1:$A$1000,0),0)),2),"")) | AY15: =IF(AX15="","",IF(ISNUMBER(BH15),ROUND(Impostazioni!$B$12*AX15+Impostazioni!$B$13*BH15,2),AX15)) | AZ15: =IF(AY15="","",LOOKUP(AY15,Impostazioni!$E$4:$E$9,Impostazioni!$F$4:$F$9)) | BB15: =IF($B15="","",IFERROR(ROUND(SUMPRODUCT((Dati!$AQ$4:$CD$4="TEC")*INDEX(Dati!$AQ$1:$CD$1000,MATCH($A15,Dati!$A$1:$A$1000,0),0)*INDEX(Dati!$DS$1:$FF$1000,MATCH($A15,Dati!$A$1:$A$1000,0),0))/SUMPRODUCT((Dati!$AQ$4:$CD$4="TEC")*INDEX(Dati!$DS$1:$FF$1000,MATCH($A15,Dati!$A$1:$A$1000,0),0)),2),"")) | BC15: =IF(BB15="","",LOOKUP(BB15,Impostazioni!$E$4:$E$9,Impostazioni!$F$4:$F$9)) | BE15: =IF($B15="","",IFERROR(ROUND(SUMPRODUCT((Dati!$AQ$4:$CD$4="CIV")*INDEX(Dati!$AQ$1:$CD$1000,MATCH($A15,Dati!$A$1:$A$1000,0),0)*INDEX(Dati!$DS$1:$FF$1000,MATCH($A15,Dati!$A$1:$A$1000,0),0))/SUMPRODUCT((Dati!$AQ$4:$CD$4="CIV")*INDEX(Dati!$DS$1:$FF$1000,MATCH($A15,Dati!$A$1:$A$1000,0),0)),2),"")) | BF15: =IF(BE15="","",LOOKUP(BE15,Impostazioni!$E$4:$E$9,Impostazioni!$F$4:$F$9)) | BI15: =IF($B15="","",IFERROR(SUM(INDEX(Dati!$FQ$1:$FZ$1000,MATCH($A15,Dati!$A$1:$A$1000,0),0)),0)) | BJ15: =IF($B15="","",IF($C15="ES","Esonerato: concordare con referente e dirigente",IF($C15="Ritirato","Ritirato",TRIM(IF(OR(N(AR15)<Impostazioni!$B$14,N(AW15)<Impostazioni!$B$14),"Pochi voti: valutazione alternativa (scritta/orale). ","")&IF(N(BI15)>0,"Da recuperare: "&BI15&". ","")&IF($D15="OP","Riferito agli obiettivi personalizzati.",""))))) | BK15: =IF($B15="","",IF($C15="ES","ES",IF(AV15<>"",AV15,AU15))) | BL15: =IF($B15="","",IF($C15="ES","ES",IF(BA15<>"",BA15,AZ15))) | BM15: =IF($B15="","",IF($C15="ES","ES",IF(BD15<>"",BD15,BC15))) | BN15: =IF($B15="","",IF($C15="ES","ES",IF(BG15<>"",BG15,BF15)))
A16: 9 | B16: =IFERROR(INDEX(Alunni!$C$1:$C$1000,MATCH($A16,Alunni!$A$1:$A$1000,0))&"","") | C16: =IFERROR(INDEX(Alunni!$D$1:$D$1000,MATCH($A16,Alunni!$A$1:$A$1000,0))&"","") | D16: =IFERROR(INDEX(Alunni!$E$1:$E$1000,MATCH($A16,Alunni!$A$1:$A$1000,0))&"","") | E16: =IF($B16="","",IFERROR(ROUND(SUMPRODUCT((Dati!$C$3:$AP$3="1.1")*INDEX(Dati!$C$1:$AP$1000,MATCH($A16,Dati!$A$1:$A$1000,0),0)*INDEX(Dati!$CE$1:$DR$1000,MATCH($A16,Dati!$A$1:$A$1000,0),0))/SUMPRODUCT((Dati!$C$3:$AP$3="1.1")*INDEX(Dati!$CE$1:$DR$1000,MATCH($A16,Dati!$A$1:$A$1000,0),0)),2),"")) | F16: =IF($B16="","",IFERROR(ROUND(SUMPRODUCT((Dati!$C$3:$AP$3="2.1")*INDEX(Dati!$C$1:$AP$1000,MATCH($A16,Dati!$A$1:$A$1000,0),0)*INDEX(Dati!$CE$1:$DR$1000,MATCH($A16,Dati!$A$1:$A$1000,0),0))/SUMPRODUCT((Dati!$C$3:$AP$3="2.1")*INDEX(Dati!$CE$1:$DR$1000,MATCH($A16,Dati!$A$1:$A$1000,0),0)),2),"")) | G16: =IF($B16="","",IFERROR(ROUND(SUMPRODUCT((Dati!$C$3:$AP$3="3.1")*INDEX(Dati!$C$1:$AP$1000,MATCH($A16,Dati!$A$1:$A$1000,0),0)*INDEX(Dati!$CE$1:$DR$1000,MATCH($A16,Dati!$A$1:$A$1000,0),0))/SUMPRODUCT((Dati!$C$3:$AP$3="3.1")*INDEX(Dati!$CE$1:$DR$1000,MATCH($A16,Dati!$A$1:$A$1000,0),0)),2),"")) | H16: =IF($B16="","",IFERROR(ROUND(SUMPRODUCT((Dati!$C$3:$AP$3="3.2")*INDEX(Dati!$C$1:$AP$1000,MATCH($A16,Dati!$A$1:$A$1000,0),0)*INDEX(Dati!$CE$1:$DR$1000,MATCH($A16,Dati!$A$1:$A$1000,0),0))/SUMPRODUCT((Dati!$C$3:$AP$3="3.2")*INDEX(Dati!$CE$1:$DR$1000,MATCH($A16,Dati!$A$1:$A$1000,0),0)),2),"")) | I16: =IF($B16="","",IFERROR(ROUND(SUMPRODUCT((Dati!$C$3:$AP$3="3.3")*INDEX(Dati!$C$1:$AP$1000,MATCH($A16,Dati!$A$1:$A$1000,0),0)*INDEX(Dati!$CE$1:$DR$1000,MATCH($A16,Dati!$A$1:$A$1000,0),0))/SUMPRODUCT((Dati!$C$3:$AP$3="3.3")*INDEX(Dati!$CE$1:$DR$1000,MATCH($A16,Dati!$A$1:$A$1000,0),0)),2),"")) | J16: =IF($B16="","",IFERROR(ROUND(SUMPRODUCT((Dati!$C$3:$AP$3="4.1")*INDEX(Dati!$C$1:$AP$1000,MATCH($A16,Dati!$A$1:$A$1000,0),0)*INDEX(Dati!$CE$1:$DR$1000,MATCH($A16,Dati!$A$1:$A$1000,0),0))/SUMPRODUCT((Dati!$C$3:$AP$3="4.1")*INDEX(Dati!$CE$1:$DR$1000,MATCH($A16,Dati!$A$1:$A$1000,0),0)),2),"")) | K16: =IF($B16="","",IFERROR(ROUND(SUMPRODUCT((Dati!$C$3:$AP$3="4.2")*INDEX(Dati!$C$1:$AP$1000,MATCH($A16,Dati!$A$1:$A$1000,0),0)*INDEX(Dati!$CE$1:$DR$1000,MATCH($A16,Dati!$A$1:$A$1000,0),0))/SUMPRODUCT((Dati!$C$3:$AP$3="4.2")*INDEX(Dati!$CE$1:$DR$1000,MATCH($A16,Dati!$A$1:$A$1000,0),0)),2),"")) | L16: =IF($B16="","",IFERROR(ROUND(SUMPRODUCT((Dati!$C$3:$AP$3="4.3")*INDEX(Dati!$C$1:$AP$1000,MATCH($A16,Dati!$A$1:$A$1000,0),0)*INDEX(Dati!$CE$1:$DR$1000,MATCH($A16,Dati!$A$1:$A$1000,0),0))/SUMPRODUCT((Dati!$C$3:$AP$3="4.3")*INDEX(Dati!$CE$1:$DR$1000,MATCH($A16,Dati!$A$1:$A$1000,0),0)),2),"")) | M16: =IF($B16="","",IFERROR(SUMPRODUCT((Dati!$C$4:$AP$4="A")*(INDEX(Dati!$CE$1:$DR$1000,MATCH($A16,Dati!$A$1:$A$1000,0),0)>0)),0)) | N16: =IF($B16="","",IFERROR(ROUND(SUMPRODUCT((Dati!$C$4:$AP$4="A")*INDEX(Dati!$C$1:$AP$1000,MATCH($A16,Dati!$A$1:$A$1000,0),0)*INDEX(Dati!$CE$1:$DR$1000,MATCH($A16,Dati!$A$1:$A$1000,0),0))/SUMPRODUCT((Dati!$C$4:$AP$4="A")*INDEX(Dati!$CE$1:$DR$1000,MATCH($A16,Dati!$A$1:$A$1000,0),0)),2),"")) | O16: =IF(N16="","",IF(ISNUMBER(AC16),ROUND(Impostazioni!$B$12*N16+Impostazioni!$B$13*AC16,2),N16)) | P16: =IF(O16="","",LOOKUP(O16,Impostazioni!$E$4:$E$9,Impostazioni!$F$4:$F$9)) | R16: =IF($B16="","",IFERROR(SUMPRODUCT((Dati!$C$4:$AP$4="B")*(INDEX(Dati!$CE$1:$DR$1000,MATCH($A16,Dati!$A$1:$A$1000,0),0)>0)),0)) | S16: =IF($B16="","",IFERROR(ROUND(SUMPRODUCT((Dati!$C$4:$AP$4="B")*INDEX(Dati!$C$1:$AP$1000,MATCH($A16,Dati!$A$1:$A$1000,0),0)*INDEX(Dati!$CE$1:$DR$1000,MATCH($A16,Dati!$A$1:$A$1000,0),0))/SUMPRODUCT((Dati!$C$4:$AP$4="B")*INDEX(Dati!$CE$1:$DR$1000,MATCH($A16,Dati!$A$1:$A$1000,0),0)),2),"")) | T16: =IF(S16="","",IF(ISNUMBER(AC16),ROUND(Impostazioni!$B$12*S16+Impostazioni!$B$13*AC16,2),S16)) | U16: =IF(T16="","",LOOKUP(T16,Impostazioni!$E$4:$E$9,Impostazioni!$F$4:$F$9)) | W16: =IF($B16="","",IFERROR(ROUND(SUMPRODUCT((Dati!$C$4:$AP$4="TEC")*INDEX(Dati!$C$1:$AP$1000,MATCH($A16,Dati!$A$1:$A$1000,0),0)*INDEX(Dati!$CE$1:$DR$1000,MATCH($A16,Dati!$A$1:$A$1000,0),0))/SUMPRODUCT((Dati!$C$4:$AP$4="TEC")*INDEX(Dati!$CE$1:$DR$1000,MATCH($A16,Dati!$A$1:$A$1000,0),0)),2),"")) | X16: =IF(W16="","",LOOKUP(W16,Impostazioni!$E$4:$E$9,Impostazioni!$F$4:$F$9)) | Z16: =IF($B16="","",IFERROR(ROUND(SUMPRODUCT((Dati!$C$4:$AP$4="CIV")*INDEX(Dati!$C$1:$AP$1000,MATCH($A16,Dati!$A$1:$A$1000,0),0)*INDEX(Dati!$CE$1:$DR$1000,MATCH($A16,Dati!$A$1:$A$1000,0),0))/SUMPRODUCT((Dati!$C$4:$AP$4="CIV")*INDEX(Dati!$CE$1:$DR$1000,MATCH($A16,Dati!$A$1:$A$1000,0),0)),2),"")) | AA16: =IF(Z16="","",LOOKUP(Z16,Impostazioni!$E$4:$E$9,Impostazioni!$F$4:$F$9)) | AD16: =IF($B16="","",IFERROR(SUM(INDEX(Dati!$FG$1:$FP$1000,MATCH($A16,Dati!$A$1:$A$1000,0),0)),0)) | AE16: =IF($B16="","",IF($C16="ES","Esonerato: concordare con referente e dirigente",IF($C16="Ritirato","Ritirato",TRIM(IF(OR(N(M16)<Impostazioni!$B$14,N(R16)<Impostazioni!$B$14),"Pochi voti: valutazione alternativa (scritta/orale). ","")&IF(N(AD16)>0,"Da recuperare: "&AD16&". ","")&IF($D16="OP","Riferito agli obiettivi personalizzati.",""))))) | AF16: =IF($B16="","",IF($C16="ES","ES",IF(Q16<>"",Q16,P16))) | AG16: =IF($B16="","",IF($C16="ES","ES",IF(V16<>"",V16,U16))) | AH16: =IF($B16="","",IF($C16="ES","ES",IF(Y16<>"",Y16,X16))) | AI16: =IF($B16="","",IF($C16="ES","ES",IF(AB16<>"",AB16,AA16))) | AJ16: =IF($B16="","",IFERROR(ROUND(SUMPRODUCT((Dati!$AQ$3:$CD$3="1.1")*INDEX(Dati!$AQ$1:$CD$1000,MATCH($A16,Dati!$A$1:$A$1000,0),0)*INDEX(Dati!$DS$1:$FF$1000,MATCH($A16,Dati!$A$1:$A$1000,0),0))/SUMPRODUCT((Dati!$AQ$3:$CD$3="1.1")*INDEX(Dati!$DS$1:$FF$1000,MATCH($A16,Dati!$A$1:$A$1000,0),0)),2),"")) | AK16: =IF($B16="","",IFERROR(ROUND(SUMPRODUCT((Dati!$AQ$3:$CD$3="2.1")*INDEX(Dati!$AQ$1:$CD$1000,MATCH($A16,Dati!$A$1:$A$1000,0),0)*INDEX(Dati!$DS$1:$FF$1000,MATCH($A16,Dati!$A$1:$A$1000,0),0))/SUMPRODUCT((Dati!$AQ$3:$CD$3="2.1")*INDEX(Dati!$DS$1:$FF$1000,MATCH($A16,Dati!$A$1:$A$1000,0),0)),2),"")) | AL16: =IF($B16="","",IFERROR(ROUND(SUMPRODUCT((Dati!$AQ$3:$CD$3="3.1")*INDEX(Dati!$AQ$1:$CD$1000,MATCH($A16,Dati!$A$1:$A$1000,0),0)*INDEX(Dati!$DS$1:$FF$1000,MATCH($A16,Dati!$A$1:$A$1000,0),0))/SUMPRODUCT((Dati!$AQ$3:$CD$3="3.1")*INDEX(Dati!$DS$1:$FF$1000,MATCH($A16,Dati!$A$1:$A$1000,0),0)),2),"")) | AM16: =IF($B16="","",IFERROR(ROUND(SUMPRODUCT((Dati!$AQ$3:$CD$3="3.2")*INDEX(Dati!$AQ$1:$CD$1000,MATCH($A16,Dati!$A$1:$A$1000,0),0)*INDEX(Dati!$DS$1:$FF$1000,MATCH($A16,Dati!$A$1:$A$1000,0),0))/SUMPRODUCT((Dati!$AQ$3:$CD$3="3.2")*INDEX(Dati!$DS$1:$FF$1000,MATCH($A16,Dati!$A$1:$A$1000,0),0)),2),"")) | AN16: =IF($B16="","",IFERROR(ROUND(SUMPRODUCT((Dati!$AQ$3:$CD$3="3.3")*INDEX(Dati!$AQ$1:$CD$1000,MATCH($A16,Dati!$A$1:$A$1000,0),0)*INDEX(Dati!$DS$1:$FF$1000,MATCH($A16,Dati!$A$1:$A$1000,0),0))/SUMPRODUCT((Dati!$AQ$3:$CD$3="3.3")*INDEX(Dati!$DS$1:$FF$1000,MATCH($A16,Dati!$A$1:$A$1000,0),0)),2),"")) | AO16: =IF($B16="","",IFERROR(ROUND(SUMPRODUCT((Dati!$AQ$3:$CD$3="4.1")*INDEX(Dati!$AQ$1:$CD$1000,MATCH($A16,Dati!$A$1:$A$1000,0),0)*INDEX(Dati!$DS$1:$FF$1000,MATCH($A16,Dati!$A$1:$A$1000,0),0))/SUMPRODUCT((Dati!$AQ$3:$CD$3="4.1")*INDEX(Dati!$DS$1:$FF$1000,MATCH($A16,Dati!$A$1:$A$1000,0),0)),2),"")) | AP16: =IF($B16="","",IFERROR(ROUND(SUMPRODUCT((Dati!$AQ$3:$CD$3="4.2")*INDEX(Dati!$AQ$1:$CD$1000,MATCH($A16,Dati!$A$1:$A$1000,0),0)*INDEX(Dati!$DS$1:$FF$1000,MATCH($A16,Dati!$A$1:$A$1000,0),0))/SUMPRODUCT((Dati!$AQ$3:$CD$3="4.2")*INDEX(Dati!$DS$1:$FF$1000,MATCH($A16,Dati!$A$1:$A$1000,0),0)),2),"")) | AQ16: =IF($B16="","",IFERROR(ROUND(SUMPRODUCT((Dati!$AQ$3:$CD$3="4.3")*INDEX(Dati!$AQ$1:$CD$1000,MATCH($A16,Dati!$A$1:$A$1000,0),0)*INDEX(Dati!$DS$1:$FF$1000,MATCH($A16,Dati!$A$1:$A$1000,0),0))/SUMPRODUCT((Dati!$AQ$3:$CD$3="4.3")*INDEX(Dati!$DS$1:$FF$1000,MATCH($A16,Dati!$A$1:$A$1000,0),0)),2),"")) | AR16: =IF($B16="","",IFERROR(SUMPRODUCT((Dati!$AQ$4:$CD$4="A")*(INDEX(Dati!$DS$1:$FF$1000,MATCH($A16,Dati!$A$1:$A$1000,0),0)>0)),0)) | AS16: =IF($B16="","",IFERROR(ROUND(SUMPRODUCT((Dati!$AQ$4:$CD$4="A")*INDEX(Dati!$AQ$1:$CD$1000,MATCH($A16,Dati!$A$1:$A$1000,0),0)*INDEX(Dati!$DS$1:$FF$1000,MATCH($A16,Dati!$A$1:$A$1000,0),0))/SUMPRODUCT((Dati!$AQ$4:$CD$4="A")*INDEX(Dati!$DS$1:$FF$1000,MATCH($A16,Dati!$A$1:$A$1000,0),0)),2),"")) | AT16: =IF(AS16="","",IF(ISNUMBER(BH16),ROUND(Impostazioni!$B$12*AS16+Impostazioni!$B$13*BH16,2),AS16)) | AU16: =IF(AT16="","",LOOKUP(AT16,Impostazioni!$E$4:$E$9,Impostazioni!$F$4:$F$9)) | AW16: =IF($B16="","",IFERROR(SUMPRODUCT((Dati!$AQ$4:$CD$4="B")*(INDEX(Dati!$DS$1:$FF$1000,MATCH($A16,Dati!$A$1:$A$1000,0),0)>0)),0)) | AX16: =IF($B16="","",IFERROR(ROUND(SUMPRODUCT((Dati!$AQ$4:$CD$4="B")*INDEX(Dati!$AQ$1:$CD$1000,MATCH($A16,Dati!$A$1:$A$1000,0),0)*INDEX(Dati!$DS$1:$FF$1000,MATCH($A16,Dati!$A$1:$A$1000,0),0))/SUMPRODUCT((Dati!$AQ$4:$CD$4="B")*INDEX(Dati!$DS$1:$FF$1000,MATCH($A16,Dati!$A$1:$A$1000,0),0)),2),"")) | AY16: =IF(AX16="","",IF(ISNUMBER(BH16),ROUND(Impostazioni!$B$12*AX16+Impostazioni!$B$13*BH16,2),AX16)) | AZ16: =IF(AY16="","",LOOKUP(AY16,Impostazioni!$E$4:$E$9,Impostazioni!$F$4:$F$9)) | BB16: =IF($B16="","",IFERROR(ROUND(SUMPRODUCT((Dati!$AQ$4:$CD$4="TEC")*INDEX(Dati!$AQ$1:$CD$1000,MATCH($A16,Dati!$A$1:$A$1000,0),0)*INDEX(Dati!$DS$1:$FF$1000,MATCH($A16,Dati!$A$1:$A$1000,0),0))/SUMPRODUCT((Dati!$AQ$4:$CD$4="TEC")*INDEX(Dati!$DS$1:$FF$1000,MATCH($A16,Dati!$A$1:$A$1000,0),0)),2),"")) | BC16: =IF(BB16="","",LOOKUP(BB16,Impostazioni!$E$4:$E$9,Impostazioni!$F$4:$F$9)) | BE16: =IF($B16="","",IFERROR(ROUND(SUMPRODUCT((Dati!$AQ$4:$CD$4="CIV")*INDEX(Dati!$AQ$1:$CD$1000,MATCH($A16,Dati!$A$1:$A$1000,0),0)*INDEX(Dati!$DS$1:$FF$1000,MATCH($A16,Dati!$A$1:$A$1000,0),0))/SUMPRODUCT((Dati!$AQ$4:$CD$4="CIV")*INDEX(Dati!$DS$1:$FF$1000,MATCH($A16,Dati!$A$1:$A$1000,0),0)),2),"")) | BF16: =IF(BE16="","",LOOKUP(BE16,Impostazioni!$E$4:$E$9,Impostazioni!$F$4:$F$9)) | BI16: =IF($B16="","",IFERROR(SUM(INDEX(Dati!$FQ$1:$FZ$1000,MATCH($A16,Dati!$A$1:$A$1000,0),0)),0)) | BJ16: =IF($B16="","",IF($C16="ES","Esonerato: concordare con referente e dirigente",IF($C16="Ritirato","Ritirato",TRIM(IF(OR(N(AR16)<Impostazioni!$B$14,N(AW16)<Impostazioni!$B$14),"Pochi voti: valutazione alternativa (scritta/orale). ","")&IF(N(BI16)>0,"Da recuperare: "&BI16&". ","")&IF($D16="OP","Riferito agli obiettivi personalizzati.",""))))) | BK16: =IF($B16="","",IF($C16="ES","ES",IF(AV16<>"",AV16,AU16))) | BL16: =IF($B16="","",IF($C16="ES","ES",IF(BA16<>"",BA16,AZ16))) | BM16: =IF($B16="","",IF($C16="ES","ES",IF(BD16<>"",BD16,BC16))) | BN16: =IF($B16="","",IF($C16="ES","ES",IF(BG16<>"",BG16,BF16)))
A17: 10 | B17: =IFERROR(INDEX(Alunni!$C$1:$C$1000,MATCH($A17,Alunni!$A$1:$A$1000,0))&"","") | C17: =IFERROR(INDEX(Alunni!$D$1:$D$1000,MATCH($A17,Alunni!$A$1:$A$1000,0))&"","") | D17: =IFERROR(INDEX(Alunni!$E$1:$E$1000,MATCH($A17,Alunni!$A$1:$A$1000,0))&"","") | E17: =IF($B17="","",IFERROR(ROUND(SUMPRODUCT((Dati!$C$3:$AP$3="1.1")*INDEX(Dati!$C$1:$AP$1000,MATCH($A17,Dati!$A$1:$A$1000,0),0)*INDEX(Dati!$CE$1:$DR$1000,MATCH($A17,Dati!$A$1:$A$1000,0),0))/SUMPRODUCT((Dati!$C$3:$AP$3="1.1")*INDEX(Dati!$CE$1:$DR$1000,MATCH($A17,Dati!$A$1:$A$1000,0),0)),2),"")) | F17: =IF($B17="","",IFERROR(ROUND(SUMPRODUCT((Dati!$C$3:$AP$3="2.1")*INDEX(Dati!$C$1:$AP$1000,MATCH($A17,Dati!$A$1:$A$1000,0),0)*INDEX(Dati!$CE$1:$DR$1000,MATCH($A17,Dati!$A$1:$A$1000,0),0))/SUMPRODUCT((Dati!$C$3:$AP$3="2.1")*INDEX(Dati!$CE$1:$DR$1000,MATCH($A17,Dati!$A$1:$A$1000,0),0)),2),"")) | G17: =IF($B17="","",IFERROR(ROUND(SUMPRODUCT((Dati!$C$3:$AP$3="3.1")*INDEX(Dati!$C$1:$AP$1000,MATCH($A17,Dati!$A$1:$A$1000,0),0)*INDEX(Dati!$CE$1:$DR$1000,MATCH($A17,Dati!$A$1:$A$1000,0),0))/SUMPRODUCT((Dati!$C$3:$AP$3="3.1")*INDEX(Dati!$CE$1:$DR$1000,MATCH($A17,Dati!$A$1:$A$1000,0),0)),2),"")) | H17: =IF($B17="","",IFERROR(ROUND(SUMPRODUCT((Dati!$C$3:$AP$3="3.2")*INDEX(Dati!$C$1:$AP$1000,MATCH($A17,Dati!$A$1:$A$1000,0),0)*INDEX(Dati!$CE$1:$DR$1000,MATCH($A17,Dati!$A$1:$A$1000,0),0))/SUMPRODUCT((Dati!$C$3:$AP$3="3.2")*INDEX(Dati!$CE$1:$DR$1000,MATCH($A17,Dati!$A$1:$A$1000,0),0)),2),"")) | I17: =IF($B17="","",IFERROR(ROUND(SUMPRODUCT((Dati!$C$3:$AP$3="3.3")*INDEX(Dati!$C$1:$AP$1000,MATCH($A17,Dati!$A$1:$A$1000,0),0)*INDEX(Dati!$CE$1:$DR$1000,MATCH($A17,Dati!$A$1:$A$1000,0),0))/SUMPRODUCT((Dati!$C$3:$AP$3="3.3")*INDEX(Dati!$CE$1:$DR$1000,MATCH($A17,Dati!$A$1:$A$1000,0),0)),2),"")) | J17: =IF($B17="","",IFERROR(ROUND(SUMPRODUCT((Dati!$C$3:$AP$3="4.1")*INDEX(Dati!$C$1:$AP$1000,MATCH($A17,Dati!$A$1:$A$1000,0),0)*INDEX(Dati!$CE$1:$DR$1000,MATCH($A17,Dati!$A$1:$A$1000,0),0))/SUMPRODUCT((Dati!$C$3:$AP$3="4.1")*INDEX(Dati!$CE$1:$DR$1000,MATCH($A17,Dati!$A$1:$A$1000,0),0)),2),"")) | K17: =IF($B17="","",IFERROR(ROUND(SUMPRODUCT((Dati!$C$3:$AP$3="4.2")*INDEX(Dati!$C$1:$AP$1000,MATCH($A17,Dati!$A$1:$A$1000,0),0)*INDEX(Dati!$CE$1:$DR$1000,MATCH($A17,Dati!$A$1:$A$1000,0),0))/SUMPRODUCT((Dati!$C$3:$AP$3="4.2")*INDEX(Dati!$CE$1:$DR$1000,MATCH($A17,Dati!$A$1:$A$1000,0),0)),2),"")) | L17: =IF($B17="","",IFERROR(ROUND(SUMPRODUCT((Dati!$C$3:$AP$3="4.3")*INDEX(Dati!$C$1:$AP$1000,MATCH($A17,Dati!$A$1:$A$1000,0),0)*INDEX(Dati!$CE$1:$DR$1000,MATCH($A17,Dati!$A$1:$A$1000,0),0))/SUMPRODUCT((Dati!$C$3:$AP$3="4.3")*INDEX(Dati!$CE$1:$DR$1000,MATCH($A17,Dati!$A$1:$A$1000,0),0)),2),"")) | M17: =IF($B17="","",IFERROR(SUMPRODUCT((Dati!$C$4:$AP$4="A")*(INDEX(Dati!$CE$1:$DR$1000,MATCH($A17,Dati!$A$1:$A$1000,0),0)>0)),0)) | N17: =IF($B17="","",IFERROR(ROUND(SUMPRODUCT((Dati!$C$4:$AP$4="A")*INDEX(Dati!$C$1:$AP$1000,MATCH($A17,Dati!$A$1:$A$1000,0),0)*INDEX(Dati!$CE$1:$DR$1000,MATCH($A17,Dati!$A$1:$A$1000,0),0))/SUMPRODUCT((Dati!$C$4:$AP$4="A")*INDEX(Dati!$CE$1:$DR$1000,MATCH($A17,Dati!$A$1:$A$1000,0),0)),2),"")) | O17: =IF(N17="","",IF(ISNUMBER(AC17),ROUND(Impostazioni!$B$12*N17+Impostazioni!$B$13*AC17,2),N17)) | P17: =IF(O17="","",LOOKUP(O17,Impostazioni!$E$4:$E$9,Impostazioni!$F$4:$F$9)) | R17: =IF($B17="","",IFERROR(SUMPRODUCT((Dati!$C$4:$AP$4="B")*(INDEX(Dati!$CE$1:$DR$1000,MATCH($A17,Dati!$A$1:$A$1000,0),0)>0)),0)) | S17: =IF($B17="","",IFERROR(ROUND(SUMPRODUCT((Dati!$C$4:$AP$4="B")*INDEX(Dati!$C$1:$AP$1000,MATCH($A17,Dati!$A$1:$A$1000,0),0)*INDEX(Dati!$CE$1:$DR$1000,MATCH($A17,Dati!$A$1:$A$1000,0),0))/SUMPRODUCT((Dati!$C$4:$AP$4="B")*INDEX(Dati!$CE$1:$DR$1000,MATCH($A17,Dati!$A$1:$A$1000,0),0)),2),"")) | T17: =IF(S17="","",IF(ISNUMBER(AC17),ROUND(Impostazioni!$B$12*S17+Impostazioni!$B$13*AC17,2),S17)) | U17: =IF(T17="","",LOOKUP(T17,Impostazioni!$E$4:$E$9,Impostazioni!$F$4:$F$9)) | W17: =IF($B17="","",IFERROR(ROUND(SUMPRODUCT((Dati!$C$4:$AP$4="TEC")*INDEX(Dati!$C$1:$AP$1000,MATCH($A17,Dati!$A$1:$A$1000,0),0)*INDEX(Dati!$CE$1:$DR$1000,MATCH($A17,Dati!$A$1:$A$1000,0),0))/SUMPRODUCT((Dati!$C$4:$AP$4="TEC")*INDEX(Dati!$CE$1:$DR$1000,MATCH($A17,Dati!$A$1:$A$1000,0),0)),2),"")) | X17: =IF(W17="","",LOOKUP(W17,Impostazioni!$E$4:$E$9,Impostazioni!$F$4:$F$9)) | Z17: =IF($B17="","",IFERROR(ROUND(SUMPRODUCT((Dati!$C$4:$AP$4="CIV")*INDEX(Dati!$C$1:$AP$1000,MATCH($A17,Dati!$A$1:$A$1000,0),0)*INDEX(Dati!$CE$1:$DR$1000,MATCH($A17,Dati!$A$1:$A$1000,0),0))/SUMPRODUCT((Dati!$C$4:$AP$4="CIV")*INDEX(Dati!$CE$1:$DR$1000,MATCH($A17,Dati!$A$1:$A$1000,0),0)),2),"")) | AA17: =IF(Z17="","",LOOKUP(Z17,Impostazioni!$E$4:$E$9,Impostazioni!$F$4:$F$9)) | AD17: =IF($B17="","",IFERROR(SUM(INDEX(Dati!$FG$1:$FP$1000,MATCH($A17,Dati!$A$1:$A$1000,0),0)),0)) | AE17: =IF($B17="","",IF($C17="ES","Esonerato: concordare con referente e dirigente",IF($C17="Ritirato","Ritirato",TRIM(IF(OR(N(M17)<Impostazioni!$B$14,N(R17)<Impostazioni!$B$14),"Pochi voti: valutazione alternativa (scritta/orale). ","")&IF(N(AD17)>0,"Da recuperare: "&AD17&". ","")&IF($D17="OP","Riferito agli obiettivi personalizzati.",""))))) | AF17: =IF($B17="","",IF($C17="ES","ES",IF(Q17<>"",Q17,P17))) | AG17: =IF($B17="","",IF($C17="ES","ES",IF(V17<>"",V17,U17))) | AH17: =IF($B17="","",IF($C17="ES","ES",IF(Y17<>"",Y17,X17))) | AI17: =IF($B17="","",IF($C17="ES","ES",IF(AB17<>"",AB17,AA17))) | AJ17: =IF($B17="","",IFERROR(ROUND(SUMPRODUCT((Dati!$AQ$3:$CD$3="1.1")*INDEX(Dati!$AQ$1:$CD$1000,MATCH($A17,Dati!$A$1:$A$1000,0),0)*INDEX(Dati!$DS$1:$FF$1000,MATCH($A17,Dati!$A$1:$A$1000,0),0))/SUMPRODUCT((Dati!$AQ$3:$CD$3="1.1")*INDEX(Dati!$DS$1:$FF$1000,MATCH($A17,Dati!$A$1:$A$1000,0),0)),2),"")) | AK17: =IF($B17="","",IFERROR(ROUND(SUMPRODUCT((Dati!$AQ$3:$CD$3="2.1")*INDEX(Dati!$AQ$1:$CD$1000,MATCH($A17,Dati!$A$1:$A$1000,0),0)*INDEX(Dati!$DS$1:$FF$1000,MATCH($A17,Dati!$A$1:$A$1000,0),0))/SUMPRODUCT((Dati!$AQ$3:$CD$3="2.1")*INDEX(Dati!$DS$1:$FF$1000,MATCH($A17,Dati!$A$1:$A$1000,0),0)),2),"")) | AL17: =IF($B17="","",IFERROR(ROUND(SUMPRODUCT((Dati!$AQ$3:$CD$3="3.1")*INDEX(Dati!$AQ$1:$CD$1000,MATCH($A17,Dati!$A$1:$A$1000,0),0)*INDEX(Dati!$DS$1:$FF$1000,MATCH($A17,Dati!$A$1:$A$1000,0),0))/SUMPRODUCT((Dati!$AQ$3:$CD$3="3.1")*INDEX(Dati!$DS$1:$FF$1000,MATCH($A17,Dati!$A$1:$A$1000,0),0)),2),"")) | AM17: =IF($B17="","",IFERROR(ROUND(SUMPRODUCT((Dati!$AQ$3:$CD$3="3.2")*INDEX(Dati!$AQ$1:$CD$1000,MATCH($A17,Dati!$A$1:$A$1000,0),0)*INDEX(Dati!$DS$1:$FF$1000,MATCH($A17,Dati!$A$1:$A$1000,0),0))/SUMPRODUCT((Dati!$AQ$3:$CD$3="3.2")*INDEX(Dati!$DS$1:$FF$1000,MATCH($A17,Dati!$A$1:$A$1000,0),0)),2),"")) | AN17: =IF($B17="","",IFERROR(ROUND(SUMPRODUCT((Dati!$AQ$3:$CD$3="3.3")*INDEX(Dati!$AQ$1:$CD$1000,MATCH($A17,Dati!$A$1:$A$1000,0),0)*INDEX(Dati!$DS$1:$FF$1000,MATCH($A17,Dati!$A$1:$A$1000,0),0))/SUMPRODUCT((Dati!$AQ$3:$CD$3="3.3")*INDEX(Dati!$DS$1:$FF$1000,MATCH($A17,Dati!$A$1:$A$1000,0),0)),2),"")) | AO17: =IF($B17="","",IFERROR(ROUND(SUMPRODUCT((Dati!$AQ$3:$CD$3="4.1")*INDEX(Dati!$AQ$1:$CD$1000,MATCH($A17,Dati!$A$1:$A$1000,0),0)*INDEX(Dati!$DS$1:$FF$1000,MATCH($A17,Dati!$A$1:$A$1000,0),0))/SUMPRODUCT((Dati!$AQ$3:$CD$3="4.1")*INDEX(Dati!$DS$1:$FF$1000,MATCH($A17,Dati!$A$1:$A$1000,0),0)),2),"")) | AP17: =IF($B17="","",IFERROR(ROUND(SUMPRODUCT((Dati!$AQ$3:$CD$3="4.2")*INDEX(Dati!$AQ$1:$CD$1000,MATCH($A17,Dati!$A$1:$A$1000,0),0)*INDEX(Dati!$DS$1:$FF$1000,MATCH($A17,Dati!$A$1:$A$1000,0),0))/SUMPRODUCT((Dati!$AQ$3:$CD$3="4.2")*INDEX(Dati!$DS$1:$FF$1000,MATCH($A17,Dati!$A$1:$A$1000,0),0)),2),"")) | AQ17: =IF($B17="","",IFERROR(ROUND(SUMPRODUCT((Dati!$AQ$3:$CD$3="4.3")*INDEX(Dati!$AQ$1:$CD$1000,MATCH($A17,Dati!$A$1:$A$1000,0),0)*INDEX(Dati!$DS$1:$FF$1000,MATCH($A17,Dati!$A$1:$A$1000,0),0))/SUMPRODUCT((Dati!$AQ$3:$CD$3="4.3")*INDEX(Dati!$DS$1:$FF$1000,MATCH($A17,Dati!$A$1:$A$1000,0),0)),2),"")) | AR17: =IF($B17="","",IFERROR(SUMPRODUCT((Dati!$AQ$4:$CD$4="A")*(INDEX(Dati!$DS$1:$FF$1000,MATCH($A17,Dati!$A$1:$A$1000,0),0)>0)),0)) | AS17: =IF($B17="","",IFERROR(ROUND(SUMPRODUCT((Dati!$AQ$4:$CD$4="A")*INDEX(Dati!$AQ$1:$CD$1000,MATCH($A17,Dati!$A$1:$A$1000,0),0)*INDEX(Dati!$DS$1:$FF$1000,MATCH($A17,Dati!$A$1:$A$1000,0),0))/SUMPRODUCT((Dati!$AQ$4:$CD$4="A")*INDEX(Dati!$DS$1:$FF$1000,MATCH($A17,Dati!$A$1:$A$1000,0),0)),2),"")) | AT17: =IF(AS17="","",IF(ISNUMBER(BH17),ROUND(Impostazioni!$B$12*AS17+Impostazioni!$B$13*BH17,2),AS17)) | AU17: =IF(AT17="","",LOOKUP(AT17,Impostazioni!$E$4:$E$9,Impostazioni!$F$4:$F$9)) | AW17: =IF($B17="","",IFERROR(SUMPRODUCT((Dati!$AQ$4:$CD$4="B")*(INDEX(Dati!$DS$1:$FF$1000,MATCH($A17,Dati!$A$1:$A$1000,0),0)>0)),0)) | AX17: =IF($B17="","",IFERROR(ROUND(SUMPRODUCT((Dati!$AQ$4:$CD$4="B")*INDEX(Dati!$AQ$1:$CD$1000,MATCH($A17,Dati!$A$1:$A$1000,0),0)*INDEX(Dati!$DS$1:$FF$1000,MATCH($A17,Dati!$A$1:$A$1000,0),0))/SUMPRODUCT((Dati!$AQ$4:$CD$4="B")*INDEX(Dati!$DS$1:$FF$1000,MATCH($A17,Dati!$A$1:$A$1000,0),0)),2),"")) | AY17: =IF(AX17="","",IF(ISNUMBER(BH17),ROUND(Impostazioni!$B$12*AX17+Impostazioni!$B$13*BH17,2),AX17)) | AZ17: =IF(AY17="","",LOOKUP(AY17,Impostazioni!$E$4:$E$9,Impostazioni!$F$4:$F$9)) | BB17: =IF($B17="","",IFERROR(ROUND(SUMPRODUCT((Dati!$AQ$4:$CD$4="TEC")*INDEX(Dati!$AQ$1:$CD$1000,MATCH($A17,Dati!$A$1:$A$1000,0),0)*INDEX(Dati!$DS$1:$FF$1000,MATCH($A17,Dati!$A$1:$A$1000,0),0))/SUMPRODUCT((Dati!$AQ$4:$CD$4="TEC")*INDEX(Dati!$DS$1:$FF$1000,MATCH($A17,Dati!$A$1:$A$1000,0),0)),2),"")) | BC17: =IF(BB17="","",LOOKUP(BB17,Impostazioni!$E$4:$E$9,Impostazioni!$F$4:$F$9)) | BE17: =IF($B17="","",IFERROR(ROUND(SUMPRODUCT((Dati!$AQ$4:$CD$4="CIV")*INDEX(Dati!$AQ$1:$CD$1000,MATCH($A17,Dati!$A$1:$A$1000,0),0)*INDEX(Dati!$DS$1:$FF$1000,MATCH($A17,Dati!$A$1:$A$1000,0),0))/SUMPRODUCT((Dati!$AQ$4:$CD$4="CIV")*INDEX(Dati!$DS$1:$FF$1000,MATCH($A17,Dati!$A$1:$A$1000,0),0)),2),"")) | BF17: =IF(BE17="","",LOOKUP(BE17,Impostazioni!$E$4:$E$9,Impostazioni!$F$4:$F$9)) | BI17: =IF($B17="","",IFERROR(SUM(INDEX(Dati!$FQ$1:$FZ$1000,MATCH($A17,Dati!$A$1:$A$1000,0),0)),0)) | BJ17: =IF($B17="","",IF($C17="ES","Esonerato: concordare con referente e dirigente",IF($C17="Ritirato","Ritirato",TRIM(IF(OR(N(AR17)<Impostazioni!$B$14,N(AW17)<Impostazioni!$B$14),"Pochi voti: valutazione alternativa (scritta/orale). ","")&IF(N(BI17)>0,"Da recuperare: "&BI17&". ","")&IF($D17="OP","Riferito agli obiettivi personalizzati.",""))))) | BK17: =IF($B17="","",IF($C17="ES","ES",IF(AV17<>"",AV17,AU17))) | BL17: =IF($B17="","",IF($C17="ES","ES",IF(BA17<>"",BA17,AZ17))) | BM17: =IF($B17="","",IF($C17="ES","ES",IF(BD17<>"",BD17,BC17))) | BN17: =IF($B17="","",IF($C17="ES","ES",IF(BG17<>"",BG17,BF17)))
